[{"model": "contenttypes.contenttype", "pk": 1, "fields": {"app_label": "auth", "model": "permission"}}, {"model": "contenttypes.contenttype", "pk": 2, "fields": {"app_label": "auth", "model": "group"}}, {"model": "contenttypes.contenttype", "pk": 3, "fields": {"app_label": "contenttypes", "model": "contenttype"}}, {"model": "contenttypes.contenttype", "pk": 4, "fields": {"app_label": "profiles", "model": "user"}}, {"model": "contenttypes.contenttype", "pk": 5, "fields": {"app_label": "profiles", "model": "patient"}}, {"model": "contenttypes.contenttype", "pk": 6, "fields": {"app_label": "profiles", "model": "userphonenumber"}}, {"model": "contenttypes.contenttype", "pk": 7, "fields": {"app_label": "profiles", "model": "doctor"}}, {"model": "contenttypes.contenttype", "pk": 8, "fields": {"app_label": "med_center", "model": "medicalcenter"}}, {"model": "contenttypes.contenttype", "pk": 9, "fields": {"app_label": "med_center", "model": "scheduletime"}}, {"model": "contenttypes.contenttype", "pk": 10, "fields": {"app_label": "med_center", "model": "medcenterphoto"}}, {"model": "contenttypes.contenttype", "pk": 11, "fields": {"app_label": "department", "model": "department"}}, {"model": "contenttypes.contenttype", "pk": 12, "fields": {"app_label": "branch", "model": "branch"}}, {"model": "contenttypes.contenttype", "pk": 13, "fields": {"app_label": "branch", "model": "branchphonenumber"}}, {"model": "contenttypes.contenttype", "pk": 14, "fields": {"app_label": "services", "model": "service"}}, {"model": "contenttypes.contenttype", "pk": 15, "fields": {"app_label": "visit", "model": "visit"}}, {"model": "contenttypes.contenttype", "pk": 16, "fields": {"app_label": "samples", "model": "sample"}}, {"model": "contenttypes.contenttype", "pk": 17, "fields": {"app_label": "admin", "model": "logentry"}}, {"model": "contenttypes.contenttype", "pk": 18, "fields": {"app_label": "sessions", "model": "session"}}, {"model": "contenttypes.contenttype", "pk": 19, "fields": {"app_label": "visit", "model": "visitimage"}}, {"model": "contenttypes.contenttype", "pk": 20, "fields": {"app_label": "visit", "model": "review"}}, {"model": "sessions.session", "pk": "8qglagk7g6fp38yof6b8wkctuiwthhsc", "fields": {"session_data": "ZGJjMWZjN2JlNGUyNmI1Mjg5YmI3NTFmMTUwYTMzMTEzYTg3NmUyYjp7Il9hdXRoX3VzZXJfaWQiOiI2OSIsIl9hdXRoX3VzZXJfYmFja2VuZCI6ImRqYW5nby5jb250cmliLmF1dGguYmFja2VuZHMuTW9kZWxCYWNrZW5kIiwiX2F1dGhfdXNlcl9oYXNoIjoiM2M1ZDdiYjZiYWZjYjIyNDRiNjgxZDc3OGU5YWI5NDdmY2Y1NDM3OCJ9", "expire_date": "2020-05-11T12:19:18.118Z"}}, {"model": "sessions.session", "pk": "a916f41oxwc1q606zaqwngkvcu39oziu", "fields": {"session_data": "ZGJjMWZjN2JlNGUyNmI1Mjg5YmI3NTFmMTUwYTMzMTEzYTg3NmUyYjp7Il9hdXRoX3VzZXJfaWQiOiI2OSIsIl9hdXRoX3VzZXJfYmFja2VuZCI6ImRqYW5nby5jb250cmliLmF1dGguYmFja2VuZHMuTW9kZWxCYWNrZW5kIiwiX2F1dGhfdXNlcl9oYXNoIjoiM2M1ZDdiYjZiYWZjYjIyNDRiNjgxZDc3OGU5YWI5NDdmY2Y1NDM3OCJ9", "expire_date": "2020-05-25T12:52:46.118Z"}}, {"model": "sessions.session", "pk": "h0kb1i2z50jjiv1615pl0auh06ns10dt", "fields": {"session_data": "NGQ2MWYzYjM3YjQ0ZjVlNTczZmFmN2Q0ODU1MWZiY2E2YjZhZjU4Mjp7Il9hdXRoX3VzZXJfaWQiOiI3NiIsIl9hdXRoX3VzZXJfYmFja2VuZCI6ImRqYW5nby5jb250cmliLmF1dGguYmFja2VuZHMuTW9kZWxCYWNrZW5kIiwiX2F1dGhfdXNlcl9oYXNoIjoiZmRlM2E1ZDBiMTU1NDcwNTkwZmE2NDFmMDk4ZWFkN2MwYTcwNzJkMCJ9", "expire_date": "2020-05-27T01:10:48.107Z"}}, {"model": "sessions.session", "pk": "ovs6ey2bhng4whv5zauew76b6861nsvk", "fields": {"session_data": "ZGJjMWZjN2JlNGUyNmI1Mjg5YmI3NTFmMTUwYTMzMTEzYTg3NmUyYjp7Il9hdXRoX3VzZXJfaWQiOiI2OSIsIl9hdXRoX3VzZXJfYmFja2VuZCI6ImRqYW5nby5jb250cmliLmF1dGguYmFja2VuZHMuTW9kZWxCYWNrZW5kIiwiX2F1dGhfdXNlcl9oYXNoIjoiM2M1ZDdiYjZiYWZjYjIyNDRiNjgxZDc3OGU5YWI5NDdmY2Y1NDM3OCJ9", "expire_date": "2020-05-06T02:49:20.044Z"}}, {"model": "sessions.session", "pk": "pcbe580kblusjh6yz71wzdaw2ioto4gn", "fields": {"session_data": "MzgwZjZmMjg1YzBiYTY0YTFhNjA2MmYyYjRhMzU4YWUwMTgzOWY0NTp7Il9hdXRoX3VzZXJfaWQiOiI1MiIsIl9hdXRoX3VzZXJfYmFja2VuZCI6ImRqYW5nby5jb250cmliLmF1dGguYmFja2VuZHMuTW9kZWxCYWNrZW5kIiwiX2F1dGhfdXNlcl9oYXNoIjoiNTcyMTg5N2U3OGMyMjE3NzYxOTVkZDkyNGYxMzgyNDI3Nzk4NmUyMyJ9", "expire_date": "2020-05-26T23:10:05.562Z"}}, {"model": "sessions.session", "pk": "qppxs02uktwpqujorxyc4224fabgx7ax", "fields": {"session_data": "NWZmNTI4MmYwOThiZGRjZTE0ZGI3Mzk0NGIzNDhjODgzYjdhYjZlNjp7Il9hdXRoX3VzZXJfaWQiOiI4MiIsIl9hdXRoX3VzZXJfYmFja2VuZCI6ImRqYW5nby5jb250cmliLmF1dGguYmFja2VuZHMuTW9kZWxCYWNrZW5kIiwiX2F1dGhfdXNlcl9oYXNoIjoiYzg3NjNiZTgyMWE5OWRmYTJkMzI2YTg1Yjg1ZTIwZTU0ODM4ODlkYiJ9", "expire_date": "2020-05-27T18:32:28.940Z"}}, {"model": "sessions.session", "pk": "qzgxwj9taod20quc5usn3464rigx83yy", "fields": {"session_data": "ZGJjMWZjN2JlNGUyNmI1Mjg5YmI3NTFmMTUwYTMzMTEzYTg3NmUyYjp7Il9hdXRoX3VzZXJfaWQiOiI2OSIsIl9hdXRoX3VzZXJfYmFja2VuZCI6ImRqYW5nby5jb250cmliLmF1dGguYmFja2VuZHMuTW9kZWxCYWNrZW5kIiwiX2F1dGhfdXNlcl9oYXNoIjoiM2M1ZDdiYjZiYWZjYjIyNDRiNjgxZDc3OGU5YWI5NDdmY2Y1NDM3OCJ9", "expire_date": "2020-05-09T04:05:08.354Z"}}, {"model": "sessions.session", "pk": "rvhcpoh9ef0xxvqvefgq6i9uix18axgj", "fields": {"session_data": "MzgwZjZmMjg1YzBiYTY0YTFhNjA2MmYyYjRhMzU4YWUwMTgzOWY0NTp7Il9hdXRoX3VzZXJfaWQiOiI1MiIsIl9hdXRoX3VzZXJfYmFja2VuZCI6ImRqYW5nby5jb250cmliLmF1dGguYmFja2VuZHMuTW9kZWxCYWNrZW5kIiwiX2F1dGhfdXNlcl9oYXNoIjoiNTcyMTg5N2U3OGMyMjE3NzYxOTVkZDkyNGYxMzgyNDI3Nzk4NmUyMyJ9", "expire_date": "2020-05-25T13:39:30.296Z"}}, {"model": "sessions.session", "pk": "rxics1ucre417r5e89044r8f8jmwn91f", "fields": {"session_data": "ZGJjMWZjN2JlNGUyNmI1Mjg5YmI3NTFmMTUwYTMzMTEzYTg3NmUyYjp7Il9hdXRoX3VzZXJfaWQiOiI2OSIsIl9hdXRoX3VzZXJfYmFja2VuZCI6ImRqYW5nby5jb250cmliLmF1dGguYmFja2VuZHMuTW9kZWxCYWNrZW5kIiwiX2F1dGhfdXNlcl9oYXNoIjoiM2M1ZDdiYjZiYWZjYjIyNDRiNjgxZDc3OGU5YWI5NDdmY2Y1NDM3OCJ9", "expire_date": "2020-05-12T13:42:21.762Z"}}, {"model": "sessions.session", "pk": "v6hggekig5q0my869bt8lps0x9vs1xok", "fields": {"session_data": "ZDJkMDRhNjcyODA3M2I3OTkyZTFkNWJhM2UzYzczZWRlMTNhZTU5Mzp7Il9hdXRoX3VzZXJfaWQiOiI2MCIsIl9hdXRoX3VzZXJfYmFja2VuZCI6ImRqYW5nby5jb250cmliLmF1dGguYmFja2VuZHMuTW9kZWxCYWNrZW5kIiwiX2F1dGhfdXNlcl9oYXNoIjoiYmVmNjQ5NGU3ZjM2YjAyZjRmZmI2OWI4MjE0OGI2MTI4YjU0ZjQ5MyJ9", "expire_date": "2020-05-11T12:19:56.760Z"}}, {"model": "sessions.session", "pk": "we2fgy59tnuqyyvs9u0wvzg7iox2u506", "fields": {"session_data": "ZGJjMWZjN2JlNGUyNmI1Mjg5YmI3NTFmMTUwYTMzMTEzYTg3NmUyYjp7Il9hdXRoX3VzZXJfaWQiOiI2OSIsIl9hdXRoX3VzZXJfYmFja2VuZCI6ImRqYW5nby5jb250cmliLmF1dGguYmFja2VuZHMuTW9kZWxCYWNrZW5kIiwiX2F1dGhfdXNlcl9oYXNoIjoiM2M1ZDdiYjZiYWZjYjIyNDRiNjgxZDc3OGU5YWI5NDdmY2Y1NDM3OCJ9", "expire_date": "2020-05-10T11:16:21.567Z"}}, {"model": "sessions.session", "pk": "wfn0i8sfb7rbqr6fa2vwzwzdtooq4i5y", "fields": {"session_data": "MzgwZjZmMjg1YzBiYTY0YTFhNjA2MmYyYjRhMzU4YWUwMTgzOWY0NTp7Il9hdXRoX3VzZXJfaWQiOiI1MiIsIl9hdXRoX3VzZXJfYmFja2VuZCI6ImRqYW5nby5jb250cmliLmF1dGguYmFja2VuZHMuTW9kZWxCYWNrZW5kIiwiX2F1dGhfdXNlcl9oYXNoIjoiNTcyMTg5N2U3OGMyMjE3NzYxOTVkZDkyNGYxMzgyNDI3Nzk4NmUyMyJ9", "expire_date": "2020-05-06T04:14:13.824Z"}}, {"model": "med_center.medicalcenter", "pk": 4, "fields": {"title": "Forever Med", "description": "\u041c\u0435\u0434\u0438\u0446\u0438\u043d\u0441\u043a\u0438\u0439 \u0446\u0435\u043d\u0442\u0440 \u0432 \u0411\u0438\u0448\u043a\u0435\u043a\u0435"}}, {"model": "med_center.medcenterphoto", "pk": 1, "fields": {"title": "Logo", "image": "med-center-photos/Logo.png", "is_logo": true, "medical_center": 4}}, {"model": "med_center.scheduletime", "pk": 1, "fields": {"med_center": 4, "title": "\u041f\u043d-\u041f\u0442", "start_time": "09:00:00", "end_time": "18:00:00", "is_weekend": false}}, {"model": "med_center.scheduletime", "pk": 2, "fields": {"med_center": 4, "title": "\u0421\u0431", "start_time": "09:00:00", "end_time": "13:00:00", "is_weekend": false}}, {"model": "med_center.scheduletime", "pk": 3, "fields": {"med_center": 4, "title": "\u0412\u0441", "start_time": null, "end_time": null, "is_weekend": true}}, {"model": "department.department", "pk": 16, "fields": {"title": "\u0423\u0417\u0418", "description": "\u0423\u043b\u044c\u0440\u0442\u0440\u0430 \u0417\u0432\u0443\u043a\u043e\u0432\u043e\u0435 \u0418\u0441\u043b\u0435\u0434\u043e\u0432\u0430\u043d\u0438\u0435", "image": "", "med_center": 4}}, {"model": "department.department", "pk": 17, "fields": {"title": "\u0421\u0442\u043e\u043c\u043e\u0442\u043e\u043b\u043e\u0433\u0438\u044f", "description": "\u0421\u0442\u043e\u043c\u043e\u0442\u043e\u043b\u043e\u0433\u0438\u044f", "image": "", "med_center": 4}}, {"model": "department.department", "pk": 18, "fields": {"title": "\u041c\u0430\u0441\u0441\u0430\u0436", "description": "\u041c\u0430\u0441\u0441\u0430\u0436", "image": "", "med_center": 4}}, {"model": "department.department", "pk": 19, "fields": {"title": "\u0423\u0440\u043e\u043b\u043e\u0433\u0438\u044f", "description": "\u0423\u0440\u043e\u043b\u043e\u0433\u0438\u044f", "image": "", "med_center": 4}}, {"model": "department.department", "pk": 20, "fields": {"title": "\u0413\u0438\u043d\u0435\u043a\u043e\u043b\u043e\u0433\u0438\u044f", "description": "\u0413\u0438\u043d\u0435\u043a\u043e\u043b\u043e\u0433\u0438\u044f", "image": "", "med_center": 4}}, {"model": "branch.branch", "pk": 4, "fields": {"title": "\u041a\u0438\u0435\u0432\u0441\u043a\u0430\u044f/\u0421\u043e\u0432\u0435\u0442\u0441\u043a\u0430\u044f", "description": "\u0413\u043b\u0430\u0432\u043d\u0430\u044f \u043a\u043b\u0438\u043d\u0438\u043a\u0430", "address": "\u041a\u0438\u0435\u0432\u0441\u043a\u0430\u044f 42", "is_main": true, "med_center_id": 4}}, {"model": "branch.branchphonenumber", "pk": 4, "fields": {"number": "0559333539", "branch_id": 4}}, {"model": "services.service", "pk": 22, "fields": {"title": "\u0423\u0417\u0418 \u0432\u043d\u0443\u0442\u0440\u0435\u043d\u043d\u0438\u0445 \u043e\u0440\u0433\u0430\u043d\u043e\u0432", "price": "800.00", "description": "\u0422\u0430\u043a\u0438\u043c \u043e\u0431\u0440\u0430\u0437\u043e\u043c \u0434\u0430\u043b\u044c\u043d\u0435\u0439\u0448\u0435\u0435 \u0440\u0430\u0437\u0432\u0438\u0442\u0438\u0435 \u0440\u0430\u0437\u043b\u0438\u0447\u043d\u044b\u0445 \u0444\u043e\u0440\u043c \u0434\u0435\u044f\u0442\u0435\u043b\u044c\u043d\u043e\u0441\u0442\u0438 \u043f\u043e\u0437\u0432\u043e\u043b\u044f\u0435\u0442 \u0432\u044b\u043f\u043e\u043b\u043d\u044f\u0442\u044c \u0432\u0430\u0436\u043d\u044b\u0435 \u0437\u0430\u0434\u0430\u043d\u0438\u044f \u043f\u043e \u0440\u0430\u0437\u0440\u0430\u0431\u043e\u0442\u043a\u0435 \u043f\u043e\u0437\u0438\u0446\u0438\u0439, \u0437\u0430\u043d\u0438\u043c\u0430\u0435\u043c\u044b\u0445 \u0443\u0447\u0430\u0441\u0442\u043d\u0438\u043a\u0430\u043c\u0438 \u0432 \u043e\u0442\u043d\u043e\u0448\u0435\u043d\u0438\u0438 \u043f\u043e\u0441\u0442\u0430\u0432\u043b\u0435\u043d\u043d\u044b\u0445 \u0437\u0430\u0434\u0430\u0447. \u0420\u0430\u0432\u043d\u044b\u043c \u043e\u0431\u0440\u0430\u0437\u043e\u043c \u0443\u043a\u0440\u0435\u043f\u043b\u0435\u043d\u0438\u0435 \u0438 \u0440\u0430\u0437\u0432\u0438\u0442\u0438\u0435 \u0441\u0442\u0440\u0443\u043a\u0442\u0443\u0440\u044b \u0442\u0440\u0435\u0431\u0443\u044e\u0442 \u043e\u0442 \u043d\u0430\u0441 \u0430\u043d\u0430\u043b\u0438\u0437\u0430 \u043c\u043e\u0434\u0435\u043b\u0438 \u0440\u0430\u0437\u0432\u0438\u0442\u0438\u044f. \u0422\u0430\u043a\u0438\u043c \u043e\u0431\u0440\u0430\u0437\u043e\u043c \u043f\u043e\u0441\u0442\u043e\u044f\u043d\u043d\u043e\u0435 \u0438\u043d\u0444\u043e\u0440\u043c\u0430\u0446\u0438\u043e\u043d\u043d\u043e-\u043f\u0440\u043e\u043f\u0430\u0433\u0430\u043d\u0434\u0438\u0441\u0442\u0441\u043a\u043e\u0435 \u043e\u0431\u0435\u0441\u043f\u0435\u0447\u0435\u043d\u0438\u0435 \u043d\u0430\u0448\u0435\u0439 \u0434\u0435\u044f\u0442\u0435\u043b\u044c\u043d\u043e\u0441\u0442\u0438 \u0438\u0433\u0440\u0430\u0435\u0442 \u0432\u0430\u0436\u043d\u0443\u044e \u0440\u043e\u043b\u044c \u0432 \u0444\u043e\u0440\u043c\u0438\u0440\u043e\u0432\u0430\u043d\u0438\u0438 \u043d\u0430\u043f\u0440\u0430\u0432\u043b\u0435\u043d\u0438\u0439 \u043f\u0440\u043e\u0433\u0440\u0435\u0441\u0441\u0438\u0432\u043d\u043e\u0433\u043e \u0440\u0430\u0437\u0432\u0438\u0442\u0438\u044f.", "department": 16}}, {"model": "services.service", "pk": 23, "fields": {"title": "\u0423\u0417\u0418 \u043f\u043e\u0447\u0435\u043a", "price": "300.00", "description": "\u0422\u0430\u043a\u0438\u043c \u043e\u0431\u0440\u0430\u0437\u043e\u043c \u0434\u0430\u043b\u044c\u043d\u0435\u0439\u0448\u0435\u0435 \u0440\u0430\u0437\u0432\u0438\u0442\u0438\u0435 \u0440\u0430\u0437\u043b\u0438\u0447\u043d\u044b\u0445 \u0444\u043e\u0440\u043c \u0434\u0435\u044f\u0442\u0435\u043b\u044c\u043d\u043e\u0441\u0442\u0438 \u043f\u043e\u0437\u0432\u043e\u043b\u044f\u0435\u0442 \u0432\u044b\u043f\u043e\u043b\u043d\u044f\u0442\u044c \u0432\u0430\u0436\u043d\u044b\u0435 \u0437\u0430\u0434\u0430\u043d\u0438\u044f \u043f\u043e \u0440\u0430\u0437\u0440\u0430\u0431\u043e\u0442\u043a\u0435 \u043f\u043e\u0437\u0438\u0446\u0438\u0439, \u0437\u0430\u043d\u0438\u043c\u0430\u0435\u043c\u044b\u0445 \u0443\u0447\u0430\u0441\u0442\u043d\u0438\u043a\u0430\u043c\u0438 \u0432 \u043e\u0442\u043d\u043e\u0448\u0435\u043d\u0438\u0438 \u043f\u043e\u0441\u0442\u0430\u0432\u043b\u0435\u043d\u043d\u044b\u0445 \u0437\u0430\u0434\u0430\u0447. \u0420\u0430\u0432\u043d\u044b\u043c \u043e\u0431\u0440\u0430\u0437\u043e\u043c \u0443\u043a\u0440\u0435\u043f\u043b\u0435\u043d\u0438\u0435 \u0438 \u0440\u0430\u0437\u0432\u0438\u0442\u0438\u0435 \u0441\u0442\u0440\u0443\u043a\u0442\u0443\u0440\u044b \u0442\u0440\u0435\u0431\u0443\u044e\u0442 \u043e\u0442 \u043d\u0430\u0441 \u0430\u043d\u0430\u043b\u0438\u0437\u0430 \u043c\u043e\u0434\u0435\u043b\u0438 \u0440\u0430\u0437\u0432\u0438\u0442\u0438\u044f. \u0422\u0430\u043a\u0438\u043c \u043e\u0431\u0440\u0430\u0437\u043e\u043c \u043f\u043e\u0441\u0442\u043e\u044f\u043d\u043d\u043e\u0435 \u0438\u043d\u0444\u043e\u0440\u043c\u0430\u0446\u0438\u043e\u043d\u043d\u043e-\u043f\u0440\u043e\u043f\u0430\u0433\u0430\u043d\u0434\u0438\u0441\u0442\u0441\u043a\u043e\u0435 \u043e\u0431\u0435\u0441\u043f\u0435\u0447\u0435\u043d\u0438\u0435 \u043d\u0430\u0448\u0435\u0439 \u0434\u0435\u044f\u0442\u0435\u043b\u044c\u043d\u043e\u0441\u0442\u0438 \u0438\u0433\u0440\u0430\u0435\u0442 \u0432\u0430\u0436\u043d\u0443\u044e \u0440\u043e\u043b\u044c \u0432 \u0444\u043e\u0440\u043c\u0438\u0440\u043e\u0432\u0430\u043d\u0438\u0438 \u043d\u0430\u043f\u0440\u0430\u0432\u043b\u0435\u043d\u0438\u0439 \u043f\u0440\u043e\u0433\u0440\u0435\u0441\u0441\u0438\u0432\u043d\u043e\u0433\u043e \u0440\u0430\u0437\u0432\u0438\u0442\u0438\u044f.", "department": 16}}, {"model": "services.service", "pk": 24, "fields": {"title": "\u0423\u0417\u0418 \u0432\u0435\u0440\u0445\u043d\u0438\u0445 \u043a\u043e\u043d\u0435\u0447\u043d\u043e\u0441\u0442\u0435\u0439", "price": "500.00", "description": "\u0422\u0430\u043a\u0438\u043c \u043e\u0431\u0440\u0430\u0437\u043e\u043c \u0434\u0430\u043b\u044c\u043d\u0435\u0439\u0448\u0435\u0435 \u0440\u0430\u0437\u0432\u0438\u0442\u0438\u0435 \u0440\u0430\u0437\u043b\u0438\u0447\u043d\u044b\u0445 \u0444\u043e\u0440\u043c \u0434\u0435\u044f\u0442\u0435\u043b\u044c\u043d\u043e\u0441\u0442\u0438 \u043f\u043e\u0437\u0432\u043e\u043b\u044f\u0435\u0442 \u0432\u044b\u043f\u043e\u043b\u043d\u044f\u0442\u044c \u0432\u0430\u0436\u043d\u044b\u0435 \u0437\u0430\u0434\u0430\u043d\u0438\u044f \u043f\u043e \u0440\u0430\u0437\u0440\u0430\u0431\u043e\u0442\u043a\u0435 \u043f\u043e\u0437\u0438\u0446\u0438\u0439, \u0437\u0430\u043d\u0438\u043c\u0430\u0435\u043c\u044b\u0445 \u0443\u0447\u0430\u0441\u0442\u043d\u0438\u043a\u0430\u043c\u0438 \u0432 \u043e\u0442\u043d\u043e\u0448\u0435\u043d\u0438\u0438 \u043f\u043e\u0441\u0442\u0430\u0432\u043b\u0435\u043d\u043d\u044b\u0445 \u0437\u0430\u0434\u0430\u0447. \u0420\u0430\u0432\u043d\u044b\u043c \u043e\u0431\u0440\u0430\u0437\u043e\u043c \u0443\u043a\u0440\u0435\u043f\u043b\u0435\u043d\u0438\u0435 \u0438 \u0440\u0430\u0437\u0432\u0438\u0442\u0438\u0435 \u0441\u0442\u0440\u0443\u043a\u0442\u0443\u0440\u044b \u0442\u0440\u0435\u0431\u0443\u044e\u0442 \u043e\u0442 \u043d\u0430\u0441 \u0430\u043d\u0430\u043b\u0438\u0437\u0430 \u043c\u043e\u0434\u0435\u043b\u0438 \u0440\u0430\u0437\u0432\u0438\u0442\u0438\u044f. \u0422\u0430\u043a\u0438\u043c \u043e\u0431\u0440\u0430\u0437\u043e\u043c \u043f\u043e\u0441\u0442\u043e\u044f\u043d\u043d\u043e\u0435 \u0438\u043d\u0444\u043e\u0440\u043c\u0430\u0446\u0438\u043e\u043d\u043d\u043e-\u043f\u0440\u043e\u043f\u0430\u0433\u0430\u043d\u0434\u0438\u0441\u0442\u0441\u043a\u043e\u0435 \u043e\u0431\u0435\u0441\u043f\u0435\u0447\u0435\u043d\u0438\u0435 \u043d\u0430\u0448\u0435\u0439 \u0434\u0435\u044f\u0442\u0435\u043b\u044c\u043d\u043e\u0441\u0442\u0438 \u0438\u0433\u0440\u0430\u0435\u0442 \u0432\u0430\u0436\u043d\u0443\u044e \u0440\u043e\u043b\u044c \u0432 \u0444\u043e\u0440\u043c\u0438\u0440\u043e\u0432\u0430\u043d\u0438\u0438 \u043d\u0430\u043f\u0440\u0430\u0432\u043b\u0435\u043d\u0438\u0439 \u043f\u0440\u043e\u0433\u0440\u0435\u0441\u0441\u0438\u0432\u043d\u043e\u0433\u043e \u0440\u0430\u0437\u0432\u0438\u0442\u0438\u044f.", "department": 16}}, {"model": "services.service", "pk": 25, "fields": {"title": "\u0423\u0417\u0418 \u043a\u043e\u043b\u0435\u043d\u043e\u0433\u043e \u0441\u0443\u0441\u0442\u0430\u0432\u0430", "price": "800.00", "description": "\u0422\u0430\u043a\u0438\u043c \u043e\u0431\u0440\u0430\u0437\u043e\u043c \u0434\u0430\u043b\u044c\u043d\u0435\u0439\u0448\u0435\u0435 \u0440\u0430\u0437\u0432\u0438\u0442\u0438\u0435 \u0440\u0430\u0437\u043b\u0438\u0447\u043d\u044b\u0445 \u0444\u043e\u0440\u043c \u0434\u0435\u044f\u0442\u0435\u043b\u044c\u043d\u043e\u0441\u0442\u0438 \u043f\u043e\u0437\u0432\u043e\u043b\u044f\u0435\u0442 \u0432\u044b\u043f\u043e\u043b\u043d\u044f\u0442\u044c \u0432\u0430\u0436\u043d\u044b\u0435 \u0437\u0430\u0434\u0430\u043d\u0438\u044f \u043f\u043e \u0440\u0430\u0437\u0440\u0430\u0431\u043e\u0442\u043a\u0435 \u043f\u043e\u0437\u0438\u0446\u0438\u0439, \u0437\u0430\u043d\u0438\u043c\u0430\u0435\u043c\u044b\u0445 \u0443\u0447\u0430\u0441\u0442\u043d\u0438\u043a\u0430\u043c\u0438 \u0432 \u043e\u0442\u043d\u043e\u0448\u0435\u043d\u0438\u0438 \u043f\u043e\u0441\u0442\u0430\u0432\u043b\u0435\u043d\u043d\u044b\u0445 \u0437\u0430\u0434\u0430\u0447. \u0420\u0430\u0432\u043d\u044b\u043c \u043e\u0431\u0440\u0430\u0437\u043e\u043c \u0443\u043a\u0440\u0435\u043f\u043b\u0435\u043d\u0438\u0435 \u0438 \u0440\u0430\u0437\u0432\u0438\u0442\u0438\u0435 \u0441\u0442\u0440\u0443\u043a\u0442\u0443\u0440\u044b \u0442\u0440\u0435\u0431\u0443\u044e\u0442 \u043e\u0442 \u043d\u0430\u0441 \u0430\u043d\u0430\u043b\u0438\u0437\u0430 \u043c\u043e\u0434\u0435\u043b\u0438 \u0440\u0430\u0437\u0432\u0438\u0442\u0438\u044f. \u0422\u0430\u043a\u0438\u043c \u043e\u0431\u0440\u0430\u0437\u043e\u043c \u043f\u043e\u0441\u0442\u043e\u044f\u043d\u043d\u043e\u0435 \u0438\u043d\u0444\u043e\u0440\u043c\u0430\u0446\u0438\u043e\u043d\u043d\u043e-\u043f\u0440\u043e\u043f\u0430\u0433\u0430\u043d\u0434\u0438\u0441\u0442\u0441\u043a\u043e\u0435 \u043e\u0431\u0435\u0441\u043f\u0435\u0447\u0435\u043d\u0438\u0435 \u043d\u0430\u0448\u0435\u0439 \u0434\u0435\u044f\u0442\u0435\u043b\u044c\u043d\u043e\u0441\u0442\u0438 \u0438\u0433\u0440\u0430\u0435\u0442 \u0432\u0430\u0436\u043d\u0443\u044e \u0440\u043e\u043b\u044c \u0432 \u0444\u043e\u0440\u043c\u0438\u0440\u043e\u0432\u0430\u043d\u0438\u0438 \u043d\u0430\u043f\u0440\u0430\u0432\u043b\u0435\u043d\u0438\u0439 \u043f\u0440\u043e\u0433\u0440\u0435\u0441\u0441\u0438\u0432\u043d\u043e\u0433\u043e \u0440\u0430\u0437\u0432\u0438\u0442\u0438\u044f.", "department": 16}}, {"model": "services.service", "pk": 26, "fields": {"title": "\u0423\u0417\u0418 \u043f\u0435\u0447\u0435\u043d\u0438", "price": "800.00", "description": "\u0422\u0430\u043a\u0438\u043c \u043e\u0431\u0440\u0430\u0437\u043e\u043c \u0434\u0430\u043b\u044c\u043d\u0435\u0439\u0448\u0435\u0435 \u0440\u0430\u0437\u0432\u0438\u0442\u0438\u0435 \u0440\u0430\u0437\u043b\u0438\u0447\u043d\u044b\u0445 \u0444\u043e\u0440\u043c \u0434\u0435\u044f\u0442\u0435\u043b\u044c\u043d\u043e\u0441\u0442\u0438 \u043f\u043e\u0437\u0432\u043e\u043b\u044f\u0435\u0442 \u0432\u044b\u043f\u043e\u043b\u043d\u044f\u0442\u044c \u0432\u0430\u0436\u043d\u044b\u0435 \u0437\u0430\u0434\u0430\u043d\u0438\u044f \u043f\u043e \u0440\u0430\u0437\u0440\u0430\u0431\u043e\u0442\u043a\u0435 \u043f\u043e\u0437\u0438\u0446\u0438\u0439, \u0437\u0430\u043d\u0438\u043c\u0430\u0435\u043c\u044b\u0445 \u0443\u0447\u0430\u0441\u0442\u043d\u0438\u043a\u0430\u043c\u0438 \u0432 \u043e\u0442\u043d\u043e\u0448\u0435\u043d\u0438\u0438 \u043f\u043e\u0441\u0442\u0430\u0432\u043b\u0435\u043d\u043d\u044b\u0445 \u0437\u0430\u0434\u0430\u0447. \u0420\u0430\u0432\u043d\u044b\u043c \u043e\u0431\u0440\u0430\u0437\u043e\u043c \u0443\u043a\u0440\u0435\u043f\u043b\u0435\u043d\u0438\u0435 \u0438 \u0440\u0430\u0437\u0432\u0438\u0442\u0438\u0435 \u0441\u0442\u0440\u0443\u043a\u0442\u0443\u0440\u044b \u0442\u0440\u0435\u0431\u0443\u044e\u0442 \u043e\u0442 \u043d\u0430\u0441 \u0430\u043d\u0430\u043b\u0438\u0437\u0430 \u043c\u043e\u0434\u0435\u043b\u0438 \u0440\u0430\u0437\u0432\u0438\u0442\u0438\u044f. \u0422\u0430\u043a\u0438\u043c \u043e\u0431\u0440\u0430\u0437\u043e\u043c \u043f\u043e\u0441\u0442\u043e\u044f\u043d\u043d\u043e\u0435 \u0438\u043d\u0444\u043e\u0440\u043c\u0430\u0446\u0438\u043e\u043d\u043d\u043e-\u043f\u0440\u043e\u043f\u0430\u0433\u0430\u043d\u0434\u0438\u0441\u0442\u0441\u043a\u043e\u0435 \u043e\u0431\u0435\u0441\u043f\u0435\u0447\u0435\u043d\u0438\u0435 \u043d\u0430\u0448\u0435\u0439 \u0434\u0435\u044f\u0442\u0435\u043b\u044c\u043d\u043e\u0441\u0442\u0438 \u0438\u0433\u0440\u0430\u0435\u0442 \u0432\u0430\u0436\u043d\u0443\u044e \u0440\u043e\u043b\u044c \u0432 \u0444\u043e\u0440\u043c\u0438\u0440\u043e\u0432\u0430\u043d\u0438\u0438 \u043d\u0430\u043f\u0440\u0430\u0432\u043b\u0435\u043d\u0438\u0439 \u043f\u0440\u043e\u0433\u0440\u0435\u0441\u0441\u0438\u0432\u043d\u043e\u0433\u043e \u0440\u0430\u0437\u0432\u0438\u0442\u0438\u044f.", "department": 16}}, {"model": "services.service", "pk": 27, "fields": {"title": "\u0423\u0434\u0430\u043b\u0435\u043d\u0438\u0435 \u0437\u0443\u0431\u0430", "price": "1000.00", "description": "\u0422\u0430\u043a\u0438\u043c \u043e\u0431\u0440\u0430\u0437\u043e\u043c \u0434\u0430\u043b\u044c\u043d\u0435\u0439\u0448\u0435\u0435 \u0440\u0430\u0437\u0432\u0438\u0442\u0438\u0435 \u0440\u0430\u0437\u043b\u0438\u0447\u043d\u044b\u0445 \u0444\u043e\u0440\u043c \u0434\u0435\u044f\u0442\u0435\u043b\u044c\u043d\u043e\u0441\u0442\u0438 \u043f\u043e\u0437\u0432\u043e\u043b\u044f\u0435\u0442 \u0432\u044b\u043f\u043e\u043b\u043d\u044f\u0442\u044c \u0432\u0430\u0436\u043d\u044b\u0435 \u0437\u0430\u0434\u0430\u043d\u0438\u044f \u043f\u043e \u0440\u0430\u0437\u0440\u0430\u0431\u043e\u0442\u043a\u0435 \u043f\u043e\u0437\u0438\u0446\u0438\u0439, \u0437\u0430\u043d\u0438\u043c\u0430\u0435\u043c\u044b\u0445 \u0443\u0447\u0430\u0441\u0442\u043d\u0438\u043a\u0430\u043c\u0438 \u0432 \u043e\u0442\u043d\u043e\u0448\u0435\u043d\u0438\u0438 \u043f\u043e\u0441\u0442\u0430\u0432\u043b\u0435\u043d\u043d\u044b\u0445 \u0437\u0430\u0434\u0430\u0447. \u0420\u0430\u0432\u043d\u044b\u043c \u043e\u0431\u0440\u0430\u0437\u043e\u043c \u0443\u043a\u0440\u0435\u043f\u043b\u0435\u043d\u0438\u0435 \u0438 \u0440\u0430\u0437\u0432\u0438\u0442\u0438\u0435 \u0441\u0442\u0440\u0443\u043a\u0442\u0443\u0440\u044b \u0442\u0440\u0435\u0431\u0443\u044e\u0442 \u043e\u0442 \u043d\u0430\u0441 \u0430\u043d\u0430\u043b\u0438\u0437\u0430 \u043c\u043e\u0434\u0435\u043b\u0438 \u0440\u0430\u0437\u0432\u0438\u0442\u0438\u044f. \u0422\u0430\u043a\u0438\u043c \u043e\u0431\u0440\u0430\u0437\u043e\u043c \u043f\u043e\u0441\u0442\u043e\u044f\u043d\u043d\u043e\u0435 \u0438\u043d\u0444\u043e\u0440\u043c\u0430\u0446\u0438\u043e\u043d\u043d\u043e-\u043f\u0440\u043e\u043f\u0430\u0433\u0430\u043d\u0434\u0438\u0441\u0442\u0441\u043a\u043e\u0435 \u043e\u0431\u0435\u0441\u043f\u0435\u0447\u0435\u043d\u0438\u0435 \u043d\u0430\u0448\u0435\u0439 \u0434\u0435\u044f\u0442\u0435\u043b\u044c\u043d\u043e\u0441\u0442\u0438 \u0438\u0433\u0440\u0430\u0435\u0442 \u0432\u0430\u0436\u043d\u0443\u044e \u0440\u043e\u043b\u044c \u0432 \u0444\u043e\u0440\u043c\u0438\u0440\u043e\u0432\u0430\u043d\u0438\u0438 \u043d\u0430\u043f\u0440\u0430\u0432\u043b\u0435\u043d\u0438\u0439 \u043f\u0440\u043e\u0433\u0440\u0435\u0441\u0441\u0438\u0432\u043d\u043e\u0433\u043e \u0440\u0430\u0437\u0432\u0438\u0442\u0438\u044f.", "department": 17}}, {"model": "services.service", "pk": 28, "fields": {"title": "\u041f\u043b\u043e\u043c\u0431\u0438\u0440\u043e\u0432\u0430\u043d\u0438\u0435 \u0437\u0443\u0431\u0430", "price": "1200.00", "description": "\u0422\u0430\u043a\u0438\u043c \u043e\u0431\u0440\u0430\u0437\u043e\u043c \u0434\u0430\u043b\u044c\u043d\u0435\u0439\u0448\u0435\u0435 \u0440\u0430\u0437\u0432\u0438\u0442\u0438\u0435 \u0440\u0430\u0437\u043b\u0438\u0447\u043d\u044b\u0445 \u0444\u043e\u0440\u043c \u0434\u0435\u044f\u0442\u0435\u043b\u044c\u043d\u043e\u0441\u0442\u0438 \u043f\u043e\u0437\u0432\u043e\u043b\u044f\u0435\u0442 \u0432\u044b\u043f\u043e\u043b\u043d\u044f\u0442\u044c \u0432\u0430\u0436\u043d\u044b\u0435 \u0437\u0430\u0434\u0430\u043d\u0438\u044f \u043f\u043e \u0440\u0430\u0437\u0440\u0430\u0431\u043e\u0442\u043a\u0435 \u043f\u043e\u0437\u0438\u0446\u0438\u0439, \u0437\u0430\u043d\u0438\u043c\u0430\u0435\u043c\u044b\u0445 \u0443\u0447\u0430\u0441\u0442\u043d\u0438\u043a\u0430\u043c\u0438 \u0432 \u043e\u0442\u043d\u043e\u0448\u0435\u043d\u0438\u0438 \u043f\u043e\u0441\u0442\u0430\u0432\u043b\u0435\u043d\u043d\u044b\u0445 \u0437\u0430\u0434\u0430\u0447. \u0420\u0430\u0432\u043d\u044b\u043c \u043e\u0431\u0440\u0430\u0437\u043e\u043c \u0443\u043a\u0440\u0435\u043f\u043b\u0435\u043d\u0438\u0435 \u0438 \u0440\u0430\u0437\u0432\u0438\u0442\u0438\u0435 \u0441\u0442\u0440\u0443\u043a\u0442\u0443\u0440\u044b \u0442\u0440\u0435\u0431\u0443\u044e\u0442 \u043e\u0442 \u043d\u0430\u0441 \u0430\u043d\u0430\u043b\u0438\u0437\u0430 \u043c\u043e\u0434\u0435\u043b\u0438 \u0440\u0430\u0437\u0432\u0438\u0442\u0438\u044f. \u0422\u0430\u043a\u0438\u043c \u043e\u0431\u0440\u0430\u0437\u043e\u043c \u043f\u043e\u0441\u0442\u043e\u044f\u043d\u043d\u043e\u0435 \u0438\u043d\u0444\u043e\u0440\u043c\u0430\u0446\u0438\u043e\u043d\u043d\u043e-\u043f\u0440\u043e\u043f\u0430\u0433\u0430\u043d\u0434\u0438\u0441\u0442\u0441\u043a\u043e\u0435 \u043e\u0431\u0435\u0441\u043f\u0435\u0447\u0435\u043d\u0438\u0435 \u043d\u0430\u0448\u0435\u0439 \u0434\u0435\u044f\u0442\u0435\u043b\u044c\u043d\u043e\u0441\u0442\u0438 \u0438\u0433\u0440\u0430\u0435\u0442 \u0432\u0430\u0436\u043d\u0443\u044e \u0440\u043e\u043b\u044c \u0432 \u0444\u043e\u0440\u043c\u0438\u0440\u043e\u0432\u0430\u043d\u0438\u0438 \u043d\u0430\u043f\u0440\u0430\u0432\u043b\u0435\u043d\u0438\u0439 \u043f\u0440\u043e\u0433\u0440\u0435\u0441\u0441\u0438\u0432\u043d\u043e\u0433\u043e \u0440\u0430\u0437\u0432\u0438\u0442\u0438\u044f.", "department": 17}}, {"model": "visit.visit", "pk": 2, "fields": {"created": "2020-04-22T02:46:06.711Z", "start_time": "2020-03-15T14:15:00Z", "is_finished": true, "doctor": 52, "patient": 60, "preference": null, "text": null, "service": [22]}}, {"model": "visit.visit", "pk": 3, "fields": {"created": "2020-04-22T02:46:06.714Z", "start_time": "2020-03-15T14:40:00Z", "is_finished": true, "doctor": 52, "patient": 61, "preference": null, "text": null, "service": [23]}}, {"model": "visit.visit", "pk": 4, "fields": {"created": "2020-04-22T02:46:06.715Z", "start_time": "2020-03-15T14:00:00Z", "is_finished": true, "doctor": 52, "patient": 63, "preference": null, "text": null, "service": [24, 25]}}, {"model": "visit.visit", "pk": 5, "fields": {"created": "2020-04-22T02:46:06.717Z", "start_time": "2020-03-15T11:00:00Z", "is_finished": true, "doctor": 52, "patient": 64, "preference": null, "text": null, "service": [22]}}, {"model": "visit.visit", "pk": 6, "fields": {"created": "2020-04-22T02:46:06.719Z", "start_time": "2020-03-15T09:15:00Z", "is_finished": true, "doctor": 52, "patient": 65, "preference": null, "text": null, "service": [23]}}, {"model": "visit.visit", "pk": 7, "fields": {"created": "2020-04-22T02:46:06.721Z", "start_time": "2020-03-15T10:15:00Z", "is_finished": true, "doctor": 52, "patient": 66, "preference": null, "text": null, "service": [24]}}, {"model": "visit.visit", "pk": 8, "fields": {"created": "2020-04-22T02:46:06.722Z", "start_time": "2020-03-15T15:30:00Z", "is_finished": true, "doctor": 52, "patient": 67, "preference": null, "text": null, "service": [27]}}, {"model": "visit.visit", "pk": 9, "fields": {"created": "2020-04-22T02:46:06.724Z", "start_time": "2020-03-15T16:30:00Z", "is_finished": true, "doctor": 52, "patient": 68, "preference": null, "text": null, "service": [26]}}, {"model": "visit.visit", "pk": 10, "fields": {"created": "2020-04-22T02:46:06.726Z", "start_time": "2020-03-15T17:00:00Z", "is_finished": true, "doctor": 52, "patient": 62, "preference": "", "text": "", "service": [24, 25]}}, {"model": "visit.visit", "pk": 11, "fields": {"created": "2020-05-12T20:03:25.434Z", "start_time": "2020-05-13T10:00:00Z", "is_finished": false, "doctor": 52, "patient": 62, "preference": null, "text": null, "service": []}}, {"model": "visit.visit", "pk": 12, "fields": {"created": "2020-05-12T20:24:17.834Z", "start_time": "2020-05-15T13:30:00Z", "is_finished": false, "doctor": 52, "patient": 62, "preference": "HELLO", "text": null, "service": []}}, {"model": "visit.visit", "pk": 13, "fields": {"created": "2020-05-12T20:30:52.884Z", "start_time": "2020-05-14T11:00:00Z", "is_finished": false, "doctor": 55, "patient": 62, "preference": "sdfasfasdfasdfasdf", "text": null, "service": []}}, {"model": "visit.visit", "pk": 14, "fields": {"created": "2020-05-12T20:33:37.772Z", "start_time": "2020-05-14T11:00:00Z", "is_finished": false, "doctor": 55, "patient": 62, "preference": "sdfasfasdfasdfasdf", "text": null, "service": []}}, {"model": "visit.visit", "pk": 15, "fields": {"created": "2020-05-12T20:35:56.800Z", "start_time": "2020-05-22T10:30:00Z", "is_finished": false, "doctor": 52, "patient": 62, "preference": "i would like to make an appointment", "text": null, "service": []}}, {"model": "visit.visit", "pk": 16, "fields": {"created": "2020-05-13T20:12:46.992Z", "start_time": "2020-05-13T00:00:00Z", "is_finished": true, "doctor": 52, "patient": 82, "preference": null, "text": "\u0423\u0417\u0418 \u0432\u043d\u0443\u0442\u0440\u0435\u043d\u043d\u0438\u0445 \u043e\u0440\u0433\u0430\u043d\u043e\u0432\r\n \r\n\u0422\u0430\u043a\u0438\u043c \u043e\u0431\u0440\u0430\u0437\u043e\u043c \u0434\u0430\u043b\u044c\u043d\u0435\u0439\u0448\u0435\u0435 \u0440\u0430\u0437\u0432\u0438\u0442\u0438\u0435 \u0440\u0430\u0437\u043b\u0438\u0447\u043d\u044b\u0445 \u0444\u043e\u0440\u043c \u0434\u0435\u044f\u0442\u0435\u043b\u044c\u043d\u043e\u0441\u0442\u0438 \u043f\u043e\u0437\u0432\u043e\u043b\u044f\u0435\u0442 \u0432\u044b\u043f\u043e\u043b\u043d\u044f\u0442\u044c \u0432\u0430\u0436\u043d\u044b\u0435 \u0437\u0430\u0434\u0430\u043d\u0438\u044f \u043f\u043e \u0440\u0430\u0437\u0440\u0430\u0431\u043e\u0442\u043a\u0435 \u043f\u043e\u0437\u0438\u0446\u0438\u0439, \u0437\u0430\u043d\u0438\u043c\u0430\u0435\u043c\u044b\u0445 \u0443\u0447\u0430\u0441\u0442\u043d\u0438\u043a\u0430\u043c\u0438 \u0432 \u043e\u0442\u043d\u043e\u0448\u0435\u043d\u0438\u0438 \u043f\u043e\u0441\u0442\u0430\u0432\u043b\u0435\u043d\u043d\u044b\u0445 \u0437\u0430\u0434\u0430\u0447. \u0420\u0430\u0432\u043d\u044b\u043c \u043e\u0431\u0440\u0430\u0437\u043e\u043c \u0443\u043a\u0440\u0435\u043f\u043b\u0435\u043d\u0438\u0435 \u0438 \u0440\u0430\u0437\u0432\u0438\u0442\u0438\u0435 \u0441\u0442\u0440\u0443\u043a\u0442\u0443\u0440\u044b \u0442\u0440\u0435\u0431\u0443\u044e\u0442 \u043e\u0442 \u043d\u0430\u0441 \u0430\u043d\u0430\u043b\u0438\u0437\u0430 \u043c\u043e\u0434\u0435\u043b\u0438 \u0440\u0430\u0437\u0432\u0438\u0442\u0438\u044f. \u0422\u0430\u043a\u0438\u043c \u043e\u0431\u0440\u0430\u0437\u043e\u043c \u043f\u043e\u0441\u0442\u043e\u044f\u043d\u043d\u043e\u0435 \u0438\u043d\u0444\u043e\u0440\u043c\u0430\u0446\u0438\u043e\u043d\u043d\u043e-\u043f\u0440\u043e\u043f\u0430\u0433\u0430\u043d\u0434\u0438\u0441\u0442\u0441\u043a\u043e\u0435 \u043e\u0431\u0435\u0441\u043f\u0435\u0447\u0435\u043d\u0438\u0435 \u043d\u0430\u0448\u0435\u0439 \u0434\u0435\u044f\u0442\u0435\u043b\u044c\u043d\u043e\u0441\u0442\u0438 \u0438\u0433\u0440\u0430\u0435\u0442 \u0432\u0430\u0436\u043d\u0443\u044e \u0440\u043e\u043b\u044c \u0432 \u0444\u043e\u0440\u043c\u0438\u0440\u043e\u0432\u0430\u043d\u0438\u0438 \u043d\u0430\u043f\u0440\u0430\u0432\u043b\u0435\u043d\u0438\u0439 \u043f\u0440\u043e\u0433\u0440\u0435\u0441\u0441\u0438\u0432\u043d\u043e\u0433\u043e \u0440\u0430\u0437\u0432\u0438\u0442\u0438\u044f.", "service": []}}, {"model": "visit.visit", "pk": 17, "fields": {"created": "2020-05-13T20:15:48.684Z", "start_time": "2020-05-13T00:00:00Z", "is_finished": true, "doctor": 52, "patient": 82, "preference": null, "text": "\u0423\u0417\u0418 \u0432\u043d\u0443\u0442\u0440\u0435\u043d\u043d\u0438\u0445 \u043e\u0440\u0433\u0430\u043d\u043e\u0432\r\n \r\n\u0422\u0430\u043a\u0438\u043c \u043e\u0431\u0440\u0430\u0437\u043e\u043c \u0434\u0430\u043b\u044c\u043d\u0435\u0439\u0448\u0435\u0435 \u0440\u0430\u0437\u0432\u0438\u0442\u0438\u0435 \u0440\u0430\u0437\u043b\u0438\u0447\u043d\u044b\u0445 \u0444\u043e\u0440\u043c \u0434\u0435\u044f\u0442\u0435\u043b\u044c\u043d\u043e\u0441\u0442\u0438 \u043f\u043e\u0437\u0432\u043e\u043b\u044f\u0435\u0442 \u0432\u044b\u043f\u043e\u043b\u043d\u044f\u0442\u044c \u0432\u0430\u0436\u043d\u044b\u0435 \u0437\u0430\u0434\u0430\u043d\u0438\u044f \u043f\u043e \u0440\u0430\u0437\u0440\u0430\u0431\u043e\u0442\u043a\u0435 \u043f\u043e\u0437\u0438\u0446\u0438\u0439, \u0437\u0430\u043d\u0438\u043c\u0430\u0435\u043c\u044b\u0445 \u0443\u0447\u0430\u0441\u0442\u043d\u0438\u043a\u0430\u043c\u0438 \u0432 \u043e\u0442\u043d\u043e\u0448\u0435\u043d\u0438\u0438 \u043f\u043e\u0441\u0442\u0430\u0432\u043b\u0435\u043d\u043d\u044b\u0445 \u0437\u0430\u0434\u0430\u0447. \u0420\u0430\u0432\u043d\u044b\u043c \u043e\u0431\u0440\u0430\u0437\u043e\u043c \u0443\u043a\u0440\u0435\u043f\u043b\u0435\u043d\u0438\u0435 \u0438 \u0440\u0430\u0437\u0432\u0438\u0442\u0438\u0435 \u0441\u0442\u0440\u0443\u043a\u0442\u0443\u0440\u044b \u0442\u0440\u0435\u0431\u0443\u044e\u0442 \u043e\u0442 \u043d\u0430\u0441 \u0430\u043d\u0430\u043b\u0438\u0437\u0430 \u043c\u043e\u0434\u0435\u043b\u0438 \u0440\u0430\u0437\u0432\u0438\u0442\u0438\u044f. \u0422\u0430\u043a\u0438\u043c \u043e\u0431\u0440\u0430\u0437\u043e\u043c \u043f\u043e\u0441\u0442\u043e\u044f\u043d\u043d\u043e\u0435 \u0438\u043d\u0444\u043e\u0440\u043c\u0430\u0446\u0438\u043e\u043d\u043d\u043e-\u043f\u0440\u043e\u043f\u0430\u0433\u0430\u043d\u0434\u0438\u0441\u0442\u0441\u043a\u043e\u0435 \u043e\u0431\u0435\u0441\u043f\u0435\u0447\u0435\u043d\u0438\u0435 \u043d\u0430\u0448\u0435\u0439 \u0434\u0435\u044f\u0442\u0435\u043b\u044c\u043d\u043e\u0441\u0442\u0438 \u0438\u0433\u0440\u0430\u0435\u0442 \u0432\u0430\u0436\u043d\u0443\u044e \u0440\u043e\u043b\u044c \u0432 \u0444\u043e\u0440\u043c\u0438\u0440\u043e\u0432\u0430\u043d\u0438\u0438 \u043d\u0430\u043f\u0440\u0430\u0432\u043b\u0435\u043d\u0438\u0439 \u043f\u0440\u043e\u0433\u0440\u0435\u0441\u0441\u0438\u0432\u043d\u043e\u0433\u043e \u0440\u0430\u0437\u0432\u0438\u0442\u0438\u044f.", "service": []}}, {"model": "visit.visitimage", "pk": 3, "fields": {"visit_id": 10, "image": "visits/2020/05/13/ultraSound.jpg", "uploaded_at": "2020-05-13T19:55:05.547Z"}}, {"model": "visit.visitimage", "pk": 4, "fields": {"visit_id": 16, "image": "visits/2020/05/13/twins.jpg", "uploaded_at": "2020-05-13T20:12:46.995Z"}}, {"model": "visit.visitimage", "pk": 5, "fields": {"visit_id": 16, "image": "visits/2020/05/13/tree.jpg", "uploaded_at": "2020-05-13T20:12:46.996Z"}}, {"model": "visit.visitimage", "pk": 6, "fields": {"visit_id": 17, "image": "visits/2020/05/13/twins_FwcNKEW.jpg", "uploaded_at": "2020-05-13T20:15:48.690Z"}}, {"model": "visit.visitimage", "pk": 7, "fields": {"visit_id": 17, "image": "visits/2020/05/13/tree_HsSkGTm.jpg", "uploaded_at": "2020-05-13T20:15:48.693Z"}}, {"model": "visit.review", "pk": 1, "fields": {"is_approved": true, "patient_id": 62, "doctor_id": 52, "text": "\u0414\u043e\u043a\u0442\u043e\u0440 \u0421\u0443\u043b\u0442\u0430\u043d\u043e\u0432 \u0441\u0430\u043c\u044b\u0439 \u043b\u0443\u0447\u0448\u044b\u0439 \u0441\u043f\u0435\u0446\u0438\u0430\u043b\u0438\u0441\u0442 \u0432 \u0411\u0438\u0448\u043a\u0435\u043a\u0435)", "created": "2020-05-12T11:38:11.393Z"}}, {"model": "visit.review", "pk": 2, "fields": {"is_approved": true, "patient_id": 62, "doctor_id": 56, "text": "\u0441\u043f\u0430\u0441\u0438\u0431\u043e \u042d\u0434\u0438\u043b\u044e \u0422\u0430\u043b\u0430\u043d\u0442\u0431\u0435\u043a\u043e\u0432\u0438\u0447\u0443 )", "created": "2020-05-12T12:57:20.434Z"}}, {"model": "visit.review", "pk": 3, "fields": {"is_approved": true, "patient_id": 61, "doctor_id": 58, "text": "hello I am very happy that I visit this doctor ....", "created": "2020-05-12T13:21:06.233Z"}}, {"model": "visit.review", "pk": 4, "fields": {"is_approved": true, "patient_id": 63, "doctor_id": 58, "text": "\u0441\u043f\u0430\u0441\u0438\u0431\u043e \u0437\u0430 \u043c\u0430\u0441\u0441\u0430\u0436 \u0441\u043f\u0438\u043d\u044b )))", "created": "2020-05-12T13:27:59.623Z"}}, {"model": "visit.review", "pk": 5, "fields": {"is_approved": true, "patient_id": 60, "doctor_id": null, "text": "\u0445\u043e\u0440\u043e\u0448\u0438\u0439 \u043c\u0435\u0434\u0438\u0446\u0438\u043d\u0441\u043a\u0438\u0439 \u0446\u0435\u043d\u0442\u0440 ))))", "created": "2020-05-12T14:01:35.693Z"}}, {"model": "samples.sample", "pk": 16, "fields": {"title": "\u0423\u0417\u0418 \u043f\u0435\u0447\u0435\u043d\u0438", "description": "\u0422\u0430\u043a\u0438\u043c \u043e\u0431\u0440\u0430\u0437\u043e\u043c \u0434\u0430\u043b\u044c\u043d\u0435\u0439\u0448\u0435\u0435 \u0440\u0430\u0437\u0432\u0438\u0442\u0438\u0435 \u0440\u0430\u0437\u043b\u0438\u0447\u043d\u044b\u0445 \u0444\u043e\u0440\u043c \u0434\u0435\u044f\u0442\u0435\u043b\u044c\u043d\u043e\u0441\u0442\u0438 \u043f\u043e\u0437\u0432\u043e\u043b\u044f\u0435\u0442 \u0432\u044b\u043f\u043e\u043b\u043d\u044f\u0442\u044c \u0432\u0430\u0436\u043d\u044b\u0435 \u0437\u0430\u0434\u0430\u043d\u0438\u044f \u043f\u043e \u0440\u0430\u0437\u0440\u0430\u0431\u043e\u0442\u043a\u0435 \u043f\u043e\u0437\u0438\u0446\u0438\u0439, \u0437\u0430\u043d\u0438\u043c\u0430\u0435\u043c\u044b\u0445 \u0443\u0447\u0430\u0441\u0442\u043d\u0438\u043a\u0430\u043c\u0438 \u0432 \u043e\u0442\u043d\u043e\u0448\u0435\u043d\u0438\u0438 \u043f\u043e\u0441\u0442\u0430\u0432\u043b\u0435\u043d\u043d\u044b\u0445 \u0437\u0430\u0434\u0430\u0447. \u0420\u0430\u0432\u043d\u044b\u043c \u043e\u0431\u0440\u0430\u0437\u043e\u043c \u0443\u043a\u0440\u0435\u043f\u043b\u0435\u043d\u0438\u0435 \u0438 \u0440\u0430\u0437\u0432\u0438\u0442\u0438\u0435 \u0441\u0442\u0440\u0443\u043a\u0442\u0443\u0440\u044b \u0442\u0440\u0435\u0431\u0443\u044e\u0442 \u043e\u0442 \u043d\u0430\u0441 \u0430\u043d\u0430\u043b\u0438\u0437\u0430 \u043c\u043e\u0434\u0435\u043b\u0438 \u0440\u0430\u0437\u0432\u0438\u0442\u0438\u044f. \u0422\u0430\u043a\u0438\u043c \u043e\u0431\u0440\u0430\u0437\u043e\u043c \u043f\u043e\u0441\u0442\u043e\u044f\u043d\u043d\u043e\u0435 \u0438\u043d\u0444\u043e\u0440\u043c\u0430\u0446\u0438\u043e\u043d\u043d\u043e-\u043f\u0440\u043e\u043f\u0430\u0433\u0430\u043d\u0434\u0438\u0441\u0442\u0441\u043a\u043e\u0435 \u043e\u0431\u0435\u0441\u043f\u0435\u0447\u0435\u043d\u0438\u0435 \u043d\u0430\u0448\u0435\u0439 \u0434\u0435\u044f\u0442\u0435\u043b\u044c\u043d\u043e\u0441\u0442\u0438 \u0438\u0433\u0440\u0430\u0435\u0442 \u0432\u0430\u0436\u043d\u0443\u044e \u0440\u043e\u043b\u044c \u0432 \u0444\u043e\u0440\u043c\u0438\u0440\u043e\u0432\u0430\u043d\u0438\u0438 \u043d\u0430\u043f\u0440\u0430\u0432\u043b\u0435\u043d\u0438\u0439 \u043f\u0440\u043e\u0433\u0440\u0435\u0441\u0441\u0438\u0432\u043d\u043e\u0433\u043e \u0440\u0430\u0437\u0432\u0438\u0442\u0438\u044f.", "price": "300.00", "department": 16, "created": "2020-04-22T02:46:04.414Z", "updated": "2020-04-22T02:46:04.414Z"}}, {"model": "samples.sample", "pk": 17, "fields": {"title": "\u0423\u0417\u0418 \u043f\u043e\u0447\u0435\u043a", "description": "\u0422\u0430\u043a\u0438\u043c \u043e\u0431\u0440\u0430\u0437\u043e\u043c \u0434\u0430\u043b\u044c\u043d\u0435\u0439\u0448\u0435\u0435 \u0440\u0430\u0437\u0432\u0438\u0442\u0438\u0435 \u0440\u0430\u0437\u043b\u0438\u0447\u043d\u044b\u0445 \u0444\u043e\u0440\u043c \u0434\u0435\u044f\u0442\u0435\u043b\u044c\u043d\u043e\u0441\u0442\u0438 \u043f\u043e\u0437\u0432\u043e\u043b\u044f\u0435\u0442 \u0432\u044b\u043f\u043e\u043b\u043d\u044f\u0442\u044c \u0432\u0430\u0436\u043d\u044b\u0435 \u0437\u0430\u0434\u0430\u043d\u0438\u044f \u043f\u043e \u0440\u0430\u0437\u0440\u0430\u0431\u043e\u0442\u043a\u0435 \u043f\u043e\u0437\u0438\u0446\u0438\u0439, \u0437\u0430\u043d\u0438\u043c\u0430\u0435\u043c\u044b\u0445 \u0443\u0447\u0430\u0441\u0442\u043d\u0438\u043a\u0430\u043c\u0438 \u0432 \u043e\u0442\u043d\u043e\u0448\u0435\u043d\u0438\u0438 \u043f\u043e\u0441\u0442\u0430\u0432\u043b\u0435\u043d\u043d\u044b\u0445 \u0437\u0430\u0434\u0430\u0447. \u0420\u0430\u0432\u043d\u044b\u043c \u043e\u0431\u0440\u0430\u0437\u043e\u043c \u0443\u043a\u0440\u0435\u043f\u043b\u0435\u043d\u0438\u0435 \u0438 \u0440\u0430\u0437\u0432\u0438\u0442\u0438\u0435 \u0441\u0442\u0440\u0443\u043a\u0442\u0443\u0440\u044b \u0442\u0440\u0435\u0431\u0443\u044e\u0442 \u043e\u0442 \u043d\u0430\u0441 \u0430\u043d\u0430\u043b\u0438\u0437\u0430 \u043c\u043e\u0434\u0435\u043b\u0438 \u0440\u0430\u0437\u0432\u0438\u0442\u0438\u044f. \u0422\u0430\u043a\u0438\u043c \u043e\u0431\u0440\u0430\u0437\u043e\u043c \u043f\u043e\u0441\u0442\u043e\u044f\u043d\u043d\u043e\u0435 \u0438\u043d\u0444\u043e\u0440\u043c\u0430\u0446\u0438\u043e\u043d\u043d\u043e-\u043f\u0440\u043e\u043f\u0430\u0433\u0430\u043d\u0434\u0438\u0441\u0442\u0441\u043a\u043e\u0435 \u043e\u0431\u0435\u0441\u043f\u0435\u0447\u0435\u043d\u0438\u0435 \u043d\u0430\u0448\u0435\u0439 \u0434\u0435\u044f\u0442\u0435\u043b\u044c\u043d\u043e\u0441\u0442\u0438 \u0438\u0433\u0440\u0430\u0435\u0442 \u0432\u0430\u0436\u043d\u0443\u044e \u0440\u043e\u043b\u044c \u0432 \u0444\u043e\u0440\u043c\u0438\u0440\u043e\u0432\u0430\u043d\u0438\u0438 \u043d\u0430\u043f\u0440\u0430\u0432\u043b\u0435\u043d\u0438\u0439 \u043f\u0440\u043e\u0433\u0440\u0435\u0441\u0441\u0438\u0432\u043d\u043e\u0433\u043e \u0440\u0430\u0437\u0432\u0438\u0442\u0438\u044f.", "price": "300.00", "department": 16, "created": "2020-04-22T02:46:04.415Z", "updated": "2020-04-22T02:46:04.415Z"}}, {"model": "samples.sample", "pk": 18, "fields": {"title": "\u0423\u0417\u0418 \u0432\u0435\u0440\u0445\u043d\u0438\u0445 \u043a\u043e\u043d\u0435\u0447\u043d\u043e\u0441\u0442\u0435\u0439 2", "description": "\u0422\u0430\u043a\u0438\u043c \u043e\u0431\u0440\u0430\u0437\u043e\u043c \u0434\u0430\u043b\u044c\u043d\u0435\u0439\u0448\u0435\u0435 \u0440\u0430\u0437\u0432\u0438\u0442\u0438\u0435 \u0440\u0430\u0437\u043b\u0438\u0447\u043d\u044b\u0445 \u0444\u043e\u0440\u043c \u0434\u0435\u044f\u0442\u0435\u043b\u044c\u043d\u043e\u0441\u0442\u0438 \u043f\u043e\u0437\u0432\u043e\u043b\u044f\u0435\u0442 \u0432\u044b\u043f\u043e\u043b\u043d\u044f\u0442\u044c \u0432\u0430\u0436\u043d\u044b\u0435 \u0437\u0430\u0434\u0430\u043d\u0438\u044f \u043f\u043e \u0440\u0430\u0437\u0440\u0430\u0431\u043e\u0442\u043a\u0435 \u043f\u043e\u0437\u0438\u0446\u0438\u0439, \u0437\u0430\u043d\u0438\u043c\u0430\u0435\u043c\u044b\u0445 \u0443\u0447\u0430\u0441\u0442\u043d\u0438\u043a\u0430\u043c\u0438 \u0432 \u043e\u0442\u043d\u043e\u0448\u0435\u043d\u0438\u0438 \u043f\u043e\u0441\u0442\u0430\u0432\u043b\u0435\u043d\u043d\u044b\u0445 \u0437\u0430\u0434\u0430\u0447. \u0420\u0430\u0432\u043d\u044b\u043c \u043e\u0431\u0440\u0430\u0437\u043e\u043c \u0443\u043a\u0440\u0435\u043f\u043b\u0435\u043d\u0438\u0435 \u0438 \u0440\u0430\u0437\u0432\u0438\u0442\u0438\u0435 \u0441\u0442\u0440\u0443\u043a\u0442\u0443\u0440\u044b \u0442\u0440\u0435\u0431\u0443\u044e\u0442 \u043e\u0442 \u043d\u0430\u0441 \u0430\u043d\u0430\u043b\u0438\u0437\u0430 \u043c\u043e\u0434\u0435\u043b\u0438 \u0440\u0430\u0437\u0432\u0438\u0442\u0438\u044f. \u0422\u0430\u043a\u0438\u043c \u043e\u0431\u0440\u0430\u0437\u043e\u043c \u043f\u043e\u0441\u0442\u043e\u044f\u043d\u043d\u043e\u0435 \u0438\u043d\u0444\u043e\u0440\u043c\u0430\u0446\u0438\u043e\u043d\u043d\u043e-\u043f\u0440\u043e\u043f\u0430\u0433\u0430\u043d\u0434\u0438\u0441\u0442\u0441\u043a\u043e\u0435 \u043e\u0431\u0435\u0441\u043f\u0435\u0447\u0435\u043d\u0438\u0435 \u043d\u0430\u0448\u0435\u0439 \u0434\u0435\u044f\u0442\u0435\u043b\u044c\u043d\u043e\u0441\u0442\u0438 \u0438\u0433\u0440\u0430\u0435\u0442 \u0432\u0430\u0436\u043d\u0443\u044e \u0440\u043e\u043b\u044c \u0432 \u0444\u043e\u0440\u043c\u0438\u0440\u043e\u0432\u0430\u043d\u0438\u0438 \u043d\u0430\u043f\u0440\u0430\u0432\u043b\u0435\u043d\u0438\u0439 \u043f\u0440\u043e\u0433\u0440\u0435\u0441\u0441\u0438\u0432\u043d\u043e\u0433\u043e \u0440\u0430\u0437\u0432\u0438\u0442\u0438\u044f.", "price": "500.00", "department": 16, "created": "2020-04-22T02:46:04.415Z", "updated": "2020-04-23T07:43:38.479Z"}}, {"model": "samples.sample", "pk": 19, "fields": {"title": "\u0423\u0417\u0418 \u043a\u043e\u043b\u0435\u043d\u043e\u0433\u043e \u0441\u0443\u0441\u0442\u0430\u0432\u0430", "description": "\u0423\u0417\u0418 \u043a\u043e\u043b\u0435\u043d\u043e\u0433\u043e \u0441\u0443\u0441\u0442\u0430\u0432\u0430", "price": "400.00", "department": 16, "created": "2020-04-22T02:46:04.416Z", "updated": "2020-04-22T02:46:04.416Z"}}, {"model": "samples.sample", "pk": 20, "fields": {"title": "\u0423\u0417\u0418 \u0432\u043d\u0443\u0442\u0440\u0435\u043d\u043d\u0438\u0445 \u043e\u0440\u0433\u0430\u043d\u043e\u0432", "description": "\u0423\u0417\u0418 \u0432\u043d\u0443\u0442\u0440\u0435\u043d\u043d\u0438\u0445 \u043e\u0440\u0433\u0430\u043d\u043e\u0432", "price": "800.00", "department": 16, "created": "2020-04-22T02:46:04.417Z", "updated": "2020-04-22T02:46:04.417Z"}}, {"model": "samples.sample", "pk": 22, "fields": {"title": "This Test Sample", "description": "This is test test test test 123 3 2 dasfasd", "price": "500.00", "department": 16, "created": "2020-04-22T19:37:59.789Z", "updated": "2020-04-25T10:52:00.232Z"}}, {"model": "auth.permission", "pk": 1, "fields": {"name": "Can add permission", "content_type": 1, "codename": "add_permission"}}, {"model": "auth.permission", "pk": 2, "fields": {"name": "Can change permission", "content_type": 1, "codename": "change_permission"}}, {"model": "auth.permission", "pk": 3, "fields": {"name": "Can delete permission", "content_type": 1, "codename": "delete_permission"}}, {"model": "auth.permission", "pk": 4, "fields": {"name": "Can view permission", "content_type": 1, "codename": "view_permission"}}, {"model": "auth.permission", "pk": 5, "fields": {"name": "Can add group", "content_type": 2, "codename": "add_group"}}, {"model": "auth.permission", "pk": 6, "fields": {"name": "Can change group", "content_type": 2, "codename": "change_group"}}, {"model": "auth.permission", "pk": 7, "fields": {"name": "Can delete group", "content_type": 2, "codename": "delete_group"}}, {"model": "auth.permission", "pk": 8, "fields": {"name": "Can view group", "content_type": 2, "codename": "view_group"}}, {"model": "auth.permission", "pk": 9, "fields": {"name": "Can add content type", "content_type": 3, "codename": "add_contenttype"}}, {"model": "auth.permission", "pk": 10, "fields": {"name": "Can change content type", "content_type": 3, "codename": "change_contenttype"}}, {"model": "auth.permission", "pk": 11, "fields": {"name": "Can delete content type", "content_type": 3, "codename": "delete_contenttype"}}, {"model": "auth.permission", "pk": 12, "fields": {"name": "Can view content type", "content_type": 3, "codename": "view_contenttype"}}, {"model": "auth.permission", "pk": 13, "fields": {"name": "Can add user", "content_type": 4, "codename": "add_user"}}, {"model": "auth.permission", "pk": 14, "fields": {"name": "Can change user", "content_type": 4, "codename": "change_user"}}, {"model": "auth.permission", "pk": 15, "fields": {"name": "Can delete user", "content_type": 4, "codename": "delete_user"}}, {"model": "auth.permission", "pk": 16, "fields": {"name": "Can view user", "content_type": 4, "codename": "view_user"}}, {"model": "auth.permission", "pk": 17, "fields": {"name": "Can add Patient", "content_type": 5, "codename": "add_patient"}}, {"model": "auth.permission", "pk": 18, "fields": {"name": "Can change Patient", "content_type": 5, "codename": "change_patient"}}, {"model": "auth.permission", "pk": 19, "fields": {"name": "Can delete Patient", "content_type": 5, "codename": "delete_patient"}}, {"model": "auth.permission", "pk": 20, "fields": {"name": "Can view Patient", "content_type": 5, "codename": "view_patient"}}, {"model": "auth.permission", "pk": 21, "fields": {"name": "Can add user phone number", "content_type": 6, "codename": "add_userphonenumber"}}, {"model": "auth.permission", "pk": 22, "fields": {"name": "Can change user phone number", "content_type": 6, "codename": "change_userphonenumber"}}, {"model": "auth.permission", "pk": 23, "fields": {"name": "Can delete user phone number", "content_type": 6, "codename": "delete_userphonenumber"}}, {"model": "auth.permission", "pk": 24, "fields": {"name": "Can view user phone number", "content_type": 6, "codename": "view_userphonenumber"}}, {"model": "auth.permission", "pk": 25, "fields": {"name": "Can add Doctor", "content_type": 7, "codename": "add_doctor"}}, {"model": "auth.permission", "pk": 26, "fields": {"name": "Can change Doctor", "content_type": 7, "codename": "change_doctor"}}, {"model": "auth.permission", "pk": 27, "fields": {"name": "Can delete Doctor", "content_type": 7, "codename": "delete_doctor"}}, {"model": "auth.permission", "pk": 28, "fields": {"name": "Can view Doctor", "content_type": 7, "codename": "view_doctor"}}, {"model": "auth.permission", "pk": 29, "fields": {"name": "Can add Medical Center", "content_type": 8, "codename": "add_medicalcenter"}}, {"model": "auth.permission", "pk": 30, "fields": {"name": "Can change Medical Center", "content_type": 8, "codename": "change_medicalcenter"}}, {"model": "auth.permission", "pk": 31, "fields": {"name": "Can delete Medical Center", "content_type": 8, "codename": "delete_medicalcenter"}}, {"model": "auth.permission", "pk": 32, "fields": {"name": "Can view Medical Center", "content_type": 8, "codename": "view_medicalcenter"}}, {"model": "auth.permission", "pk": 33, "fields": {"name": "Can add Schedule Time", "content_type": 9, "codename": "add_scheduletime"}}, {"model": "auth.permission", "pk": 34, "fields": {"name": "Can change Schedule Time", "content_type": 9, "codename": "change_scheduletime"}}, {"model": "auth.permission", "pk": 35, "fields": {"name": "Can delete Schedule Time", "content_type": 9, "codename": "delete_scheduletime"}}, {"model": "auth.permission", "pk": 36, "fields": {"name": "Can view Schedule Time", "content_type": 9, "codename": "view_scheduletime"}}, {"model": "auth.permission", "pk": 37, "fields": {"name": "Can add Med-Center Photo", "content_type": 10, "codename": "add_medcenterphoto"}}, {"model": "auth.permission", "pk": 38, "fields": {"name": "Can change Med-Center Photo", "content_type": 10, "codename": "change_medcenterphoto"}}, {"model": "auth.permission", "pk": 39, "fields": {"name": "Can delete Med-Center Photo", "content_type": 10, "codename": "delete_medcenterphoto"}}, {"model": "auth.permission", "pk": 40, "fields": {"name": "Can view Med-Center Photo", "content_type": 10, "codename": "view_medcenterphoto"}}, {"model": "auth.permission", "pk": 41, "fields": {"name": "Can add Department", "content_type": 11, "codename": "add_department"}}, {"model": "auth.permission", "pk": 42, "fields": {"name": "Can change Department", "content_type": 11, "codename": "change_department"}}, {"model": "auth.permission", "pk": 43, "fields": {"name": "Can delete Department", "content_type": 11, "codename": "delete_department"}}, {"model": "auth.permission", "pk": 44, "fields": {"name": "Can view Department", "content_type": 11, "codename": "view_department"}}, {"model": "auth.permission", "pk": 45, "fields": {"name": "Can add Branch", "content_type": 12, "codename": "add_branch"}}, {"model": "auth.permission", "pk": 46, "fields": {"name": "Can change Branch", "content_type": 12, "codename": "change_branch"}}, {"model": "auth.permission", "pk": 47, "fields": {"name": "Can delete Branch", "content_type": 12, "codename": "delete_branch"}}, {"model": "auth.permission", "pk": 48, "fields": {"name": "Can view Branch", "content_type": 12, "codename": "view_branch"}}, {"model": "auth.permission", "pk": 49, "fields": {"name": "Can add Branch Number", "content_type": 13, "codename": "add_branchphonenumber"}}, {"model": "auth.permission", "pk": 50, "fields": {"name": "Can change Branch Number", "content_type": 13, "codename": "change_branchphonenumber"}}, {"model": "auth.permission", "pk": 51, "fields": {"name": "Can delete Branch Number", "content_type": 13, "codename": "delete_branchphonenumber"}}, {"model": "auth.permission", "pk": 52, "fields": {"name": "Can view Branch Number", "content_type": 13, "codename": "view_branchphonenumber"}}, {"model": "auth.permission", "pk": 53, "fields": {"name": "Can add Service", "content_type": 14, "codename": "add_service"}}, {"model": "auth.permission", "pk": 54, "fields": {"name": "Can change Service", "content_type": 14, "codename": "change_service"}}, {"model": "auth.permission", "pk": 55, "fields": {"name": "Can delete Service", "content_type": 14, "codename": "delete_service"}}, {"model": "auth.permission", "pk": 56, "fields": {"name": "Can view Service", "content_type": 14, "codename": "view_service"}}, {"model": "auth.permission", "pk": 57, "fields": {"name": "Can add Visit", "content_type": 15, "codename": "add_visit"}}, {"model": "auth.permission", "pk": 58, "fields": {"name": "Can change Visit", "content_type": 15, "codename": "change_visit"}}, {"model": "auth.permission", "pk": 59, "fields": {"name": "Can delete Visit", "content_type": 15, "codename": "delete_visit"}}, {"model": "auth.permission", "pk": 60, "fields": {"name": "Can view Visit", "content_type": 15, "codename": "view_visit"}}, {"model": "auth.permission", "pk": 61, "fields": {"name": "Can add Sample", "content_type": 16, "codename": "add_sample"}}, {"model": "auth.permission", "pk": 62, "fields": {"name": "Can change Sample", "content_type": 16, "codename": "change_sample"}}, {"model": "auth.permission", "pk": 63, "fields": {"name": "Can delete Sample", "content_type": 16, "codename": "delete_sample"}}, {"model": "auth.permission", "pk": 64, "fields": {"name": "Can view Sample", "content_type": 16, "codename": "view_sample"}}, {"model": "auth.permission", "pk": 65, "fields": {"name": "Can add log entry", "content_type": 17, "codename": "add_logentry"}}, {"model": "auth.permission", "pk": 66, "fields": {"name": "Can change log entry", "content_type": 17, "codename": "change_logentry"}}, {"model": "auth.permission", "pk": 67, "fields": {"name": "Can delete log entry", "content_type": 17, "codename": "delete_logentry"}}, {"model": "auth.permission", "pk": 68, "fields": {"name": "Can view log entry", "content_type": 17, "codename": "view_logentry"}}, {"model": "auth.permission", "pk": 69, "fields": {"name": "Can add session", "content_type": 18, "codename": "add_session"}}, {"model": "auth.permission", "pk": 70, "fields": {"name": "Can change session", "content_type": 18, "codename": "change_session"}}, {"model": "auth.permission", "pk": 71, "fields": {"name": "Can delete session", "content_type": 18, "codename": "delete_session"}}, {"model": "auth.permission", "pk": 72, "fields": {"name": "Can view session", "content_type": 18, "codename": "view_session"}}, {"model": "auth.permission", "pk": 73, "fields": {"name": "Can add visit image", "content_type": 19, "codename": "add_visitimage"}}, {"model": "auth.permission", "pk": 74, "fields": {"name": "Can change visit image", "content_type": 19, "codename": "change_visitimage"}}, {"model": "auth.permission", "pk": 75, "fields": {"name": "Can delete visit image", "content_type": 19, "codename": "delete_visitimage"}}, {"model": "auth.permission", "pk": 76, "fields": {"name": "Can view visit image", "content_type": 19, "codename": "view_visitimage"}}, {"model": "auth.permission", "pk": 77, "fields": {"name": "Can add review", "content_type": 20, "codename": "add_review"}}, {"model": "auth.permission", "pk": 78, "fields": {"name": "Can change review", "content_type": 20, "codename": "change_review"}}, {"model": "auth.permission", "pk": 79, "fields": {"name": "Can delete review", "content_type": 20, "codename": "delete_review"}}, {"model": "auth.permission", "pk": 80, "fields": {"name": "Can view review", "content_type": 20, "codename": "view_review"}}, {"model": "profiles.user", "pk": 52, "fields": {"password": "pbkdf2_sha256$180000$vEyAvYcCU9xw$CKPru8cmCfWcKocPCbiI3UpmPDZaThSGHt5lsmrYkJQ=", "last_login": "2020-05-12T23:10:05.561Z", "is_superuser": false, "first_name": "", "last_name": "", "is_staff": false, "is_active": true, "date_joined": "2020-04-22T02:46:04.552Z", "username": "dr.sultanov", "role": 0, "gender": 0, "full_name": "\u0421\u0443\u043b\u0442\u0430\u043d\u043e\u0432 \u041d\u0430\u0434\u044b\u0440\u0431\u0435\u043a \u0410\u0431\u0434\u044b\u043b\u0431\u0430\u043a\u044b\u0435\u0432\u0438\u0447", "birth_date": "1967-08-02", "email": "dr.sultanov312@gmail.com", "created": "2020-04-22T02:46:04.552Z", "updated": "2020-04-28T13:32:24.635Z", "groups": [], "user_permissions": []}}, {"model": "profiles.user", "pk": 53, "fields": {"password": "pbkdf2_sha256$180000$fVD8aiK40Cbu$pqrXbGJBIRwVQxT1KYTZx14TJ0g8nyixXCYdkSGMUSA=", "last_login": null, "is_superuser": false, "first_name": "", "last_name": "", "is_staff": false, "is_active": true, "date_joined": "2020-04-22T02:46:04.685Z", "username": "dr.sultanova_uzi", "role": 0, "gender": 1, "full_name": "\u0421\u0443\u043b\u0442\u0430\u043d\u043e\u0432\u0430 \u0410\u0436\u0430\u0440\u0430 \u0410\u0431\u0434\u044b\u043b\u0431\u0430\u043a\u044b\u0435\u0432\u043d\u0430", "birth_date": "1998-10-27", "email": "ajara@gmail.com", "created": "2020-04-22T02:46:04.685Z", "updated": "2020-05-09T20:32:28.910Z", "groups": [], "user_permissions": []}}, {"model": "profiles.user", "pk": 54, "fields": {"password": "pbkdf2_sha256$180000$ycbN39SwY76D$p2yU4IVYvTiLijOKUwpyxyrsCl9ggsYcfoxiS1G+uHg=", "last_login": null, "is_superuser": false, "first_name": "", "last_name": "", "is_staff": false, "is_active": true, "date_joined": "2020-04-22T02:46:04.820Z", "username": "dr.gaparov_stom", "role": 0, "gender": 0, "full_name": "\u0413\u0430\u043f\u0430\u0440\u043e\u0432 \u0411\u0435\u043b\u0435\u043a \u0420\u0430\u0432\u0448\u0430\u043d\u0431\u0435\u043a\u043e\u0432\u0438\u0447", "birth_date": "1976-09-08", "email": "belek.gaparov@gmail.com", "created": "2020-04-22T02:46:04.820Z", "updated": "2020-04-22T02:46:04.820Z", "groups": [], "user_permissions": []}}, {"model": "profiles.user", "pk": 55, "fields": {"password": "pbkdf2_sha256$180000$efjS7LPASHaI$8KdF3d/agzAal5jDvg7HHRuzPz3FxbVMkbWha1s/dJQ=", "last_login": null, "is_superuser": false, "first_name": "", "last_name": "", "is_staff": false, "is_active": true, "date_joined": "2020-04-22T02:46:04.951Z", "username": "dr.maitashev_ur", "role": 0, "gender": 0, "full_name": "\u041c\u0430\u0439\u0442\u0430\u0448\u0435\u0432 \u041c\u0430\u0440\u0430\u0442 \u041d\u0443\u0440\u043c\u0430\u0433\u043e\u043c\u0435\u0434\u043e\u0432\u0438\u0447", "birth_date": "1965-09-01", "email": "marat.maitashev@gmail.com", "created": "2020-04-22T02:46:04.952Z", "updated": "2020-04-22T02:46:04.952Z", "groups": [], "user_permissions": []}}, {"model": "profiles.user", "pk": 56, "fields": {"password": "pbkdf2_sha256$180000$Dq0M1gXdD7Jt$QY5RC5g4ELfLZ6b64fIF4GMux79BGitrpcB/bZ1BiU8=", "last_login": null, "is_superuser": false, "first_name": "", "last_name": "", "is_staff": false, "is_active": true, "date_joined": "2020-04-22T02:46:05.090Z", "username": "dr.talantbekov_gin", "role": 0, "gender": 0, "full_name": "\u0422\u0430\u043b\u0430\u043d\u0442\u0431\u0435\u043a\u043e\u0432 \u042d\u0434\u0438\u043b\u044c \u041c\u0430\u0433\u043e\u043c\u0435\u0434\u0448\u0430\u0440\u0438\u043f\u043e\u0432\u0438\u0447", "birth_date": "1982-02-04", "email": "edil@gmail.com", "created": "2020-04-22T02:46:05.091Z", "updated": "2020-04-22T02:46:05.091Z", "groups": [], "user_permissions": []}}, {"model": "profiles.user", "pk": 57, "fields": {"password": "pbkdf2_sha256$180000$68mur74Gh43y$a4nBUc0JUWaWqe55IUkdXtWyrWJb5DabX60EwMmRf3E=", "last_login": null, "is_superuser": false, "first_name": "", "last_name": "", "is_staff": false, "is_active": true, "date_joined": "2020-04-22T02:46:05.222Z", "username": "dr.sultanov_mas", "role": 0, "gender": 0, "full_name": "\u0421\u0443\u043b\u0442\u0430\u043d\u043e\u0432 \u0410\u0431\u0434\u044b\u043b\u0431\u0430\u043a\u044b \u0410\u0431\u0434\u044b\u0440\u0430\u0445\u043c\u0430\u043d\u043e\u0432\u0438\u0447", "birth_date": "1997-03-15", "email": "nsultanov312@gmail.com", "created": "2020-04-22T02:46:05.223Z", "updated": "2020-05-12T11:44:04.496Z", "groups": [], "user_permissions": []}}, {"model": "profiles.user", "pk": 58, "fields": {"password": "pbkdf2_sha256$180000$TwExNYnB1Edx$U0VhFWpDmXzaprbeU6IhZktIafs2aRbjRZZGoTjQNgA=", "last_login": null, "is_superuser": false, "first_name": "", "last_name": "", "is_staff": false, "is_active": true, "date_joined": "2020-04-22T02:46:05.361Z", "username": "dr.sarbagyshev_mas", "role": 0, "gender": 0, "full_name": "\u0421\u0430\u0440\u0431\u0430\u0433\u044b\u0448\u0435\u0432 \u0410\u043c\u0430\u043d\u0431\u0435\u043a \u0421\u0443\u043b\u0442\u0430\u043d\u043e\u0432\u0438\u0447", "birth_date": "1984-08-11", "email": "amanbek97@gmail.com", "created": "2020-04-22T02:46:05.362Z", "updated": "2020-04-22T02:46:05.362Z", "groups": [], "user_permissions": []}}, {"model": "profiles.user", "pk": 59, "fields": {"password": "pbkdf2_sha256$180000$i6qDJdACBrZp$drDEqBn/weORCeAYTae6c4nnERibZsugUobwAr2hs70=", "last_login": null, "is_superuser": false, "first_name": "", "last_name": "", "is_staff": false, "is_active": true, "date_joined": "2020-04-22T02:46:05.493Z", "username": "dr.myrzaeva", "role": 0, "gender": 1, "full_name": "\u041c\u044b\u0440\u0437\u0430\u0435\u0432\u0430 \u0422\u0430\u043d\u0441\u0443\u043b\u0443\u0443 \u0417\u044b\u043d\u0434\u0430\u043d\u0431\u0430\u0435\u0432\u043d\u0430", "birth_date": "1990-09-25", "email": "tansuluu@gmail.com", "created": "2020-04-22T02:46:05.493Z", "updated": "2020-04-22T02:46:05.493Z", "groups": [], "user_permissions": []}}, {"model": "profiles.user", "pk": 60, "fields": {"password": "pbkdf2_sha256$180000$yLG9VWyCj5Ci$UGiHIU5A4G6x9mjbAdqXTlHrq464XE118XXf1/ACpio=", "last_login": "2020-05-13T17:55:32.932Z", "is_superuser": false, "first_name": "", "last_name": "", "is_staff": false, "is_active": true, "date_joined": "2020-04-22T02:46:05.632Z", "username": "ms.sultanova", "role": 1, "gender": 1, "full_name": "\u0421\u0443\u043b\u0442\u0430\u043d\u043e\u0432\u0430 \u0416\u0430\u043c\u0438\u043b\u044f \u0410\u0431\u0434\u044b\u043b\u0431\u0430\u043a\u044b\u0435\u0432\u043d\u0430", "birth_date": "1990-10-14", "email": "jama0214@gmail.com", "created": "2020-04-22T02:46:05.632Z", "updated": "2020-05-12T22:41:50.373Z", "groups": [], "user_permissions": []}}, {"model": "profiles.user", "pk": 61, "fields": {"password": "pbkdf2_sha256$180000$S7PQPkK0Sa0l$moUyG7GY+JsEA1K1P/MvkolmwCMLoJI7Gk04rtArWSA=", "last_login": null, "is_superuser": false, "first_name": "", "last_name": "", "is_staff": false, "is_active": true, "date_joined": "2020-04-22T02:46:05.763Z", "username": "ms.shokenova", "role": 1, "gender": 1, "full_name": "\u0428\u043e\u043a\u0435\u043d\u043e\u0432\u0430 \u0410\u0434\u0435\u043b\u0438\u043d\u0430 \u041c\u0430\u0440\u0430\u0442\u043e\u0432\u043d\u0430", "birth_date": "1984-10-12", "email": "adelina@gmail.com", "created": "2020-04-22T02:46:05.763Z", "updated": "2020-04-22T02:46:05.763Z", "groups": [], "user_permissions": []}}, {"model": "profiles.user", "pk": 62, "fields": {"password": "pbkdf2_sha256$180000$zbYKU9X4EWRH$LQa3l2sxIyXNNEd3Q9WBfVh9vurdhE6UUSND0Y/Vckk=", "last_login": "2020-05-11T13:01:14.142Z", "is_superuser": false, "first_name": "", "last_name": "", "is_staff": false, "is_active": true, "date_joined": "2020-04-22T02:46:05.902Z", "username": "mr.maksatov", "role": 1, "gender": 0, "full_name": "\u041c\u0430\u043a\u0441\u0430\u0442\u043e\u0432 \u0410\u0441\u0430\u043d \u041c\u0443\u0440\u0430\u0442\u043e\u0432\u0438\u0447", "birth_date": "1958-10-14", "email": "asan.maksatov@gmail.com", "created": "2020-04-22T02:46:05.903Z", "updated": "2020-04-22T02:46:05.903Z", "groups": [], "user_permissions": []}}, {"model": "profiles.user", "pk": 63, "fields": {"password": "pbkdf2_sha256$180000$7RDLXvY15H8H$7YRJyq2MKOQTqAKM6rUk6y3v0dDcvOhtDpu2Y0guNQk=", "last_login": null, "is_superuser": false, "first_name": "", "last_name": "", "is_staff": false, "is_active": true, "date_joined": "2020-04-22T02:46:06.034Z", "username": "ms.maksimova", "role": 1, "gender": 1, "full_name": "\u041c\u0430\u043a\u0441\u0438\u043c\u043e\u0432\u0430 \u042d\u043b\u0438\u043d\u0430 \u042d\u0440\u043c\u0435\u043a\u043e\u0432\u043d\u0430", "birth_date": "1998-07-18", "email": "elina98@gmail.com", "created": "2020-04-22T02:46:06.034Z", "updated": "2020-04-22T02:46:06.034Z", "groups": [], "user_permissions": []}}, {"model": "profiles.user", "pk": 64, "fields": {"password": "pbkdf2_sha256$180000$JJYoDCKW60jw$4unVXGV2hw1J2JVQ2JxyLGPBU3l7K+Y7MY03nbQwzgY=", "last_login": null, "is_superuser": false, "first_name": "", "last_name": "", "is_staff": false, "is_active": true, "date_joined": "2020-04-22T02:46:06.173Z", "username": "mr.kalambekov", "role": 1, "gender": 0, "full_name": "\u041a\u0430\u043b\u0430\u043c\u0431\u0435\u043a\u043e\u0432 \u0427\u0438\u043d\u0433\u0438\u0437 \u042d\u043b\u044c\u0434\u0430\u0440\u043e\u0432\u0438\u0447", "birth_date": "1996-11-18", "email": "chikka96@gmail.com", "created": "2020-04-22T02:46:06.173Z", "updated": "2020-04-22T02:46:06.173Z", "groups": [], "user_permissions": []}}, {"model": "profiles.user", "pk": 65, "fields": {"password": "pbkdf2_sha256$180000$oI3SI2VmgobN$qmr6uPE9Vrt8K9EIHsvQjcbgQ+dRaNRIx4rZQoyqGgg=", "last_login": null, "is_superuser": false, "first_name": "", "last_name": "", "is_staff": false, "is_active": true, "date_joined": "2020-04-22T02:46:06.304Z", "username": "ms.kaipova", "role": 1, "gender": 1, "full_name": "\u041a\u0430\u0438\u043f\u043e\u0432\u0430 \u041c\u0438\u0440\u0430 \u041a\u0430\u043c\u0430\u043b\u0434\u0438\u043d\u043e\u0432\u043d\u0430", "birth_date": "1956-04-12", "email": "kaipova@gmail.com", "created": "2020-04-22T02:46:06.304Z", "updated": "2020-04-22T02:46:06.304Z", "groups": [], "user_permissions": []}}, {"model": "profiles.user", "pk": 66, "fields": {"password": "pbkdf2_sha256$180000$He3ktEc0bZoJ$SIOHInJf5A15Jonl0oeKncPmET8J9ny4vyrAvx/NcY0=", "last_login": null, "is_superuser": false, "first_name": "", "last_name": "", "is_staff": false, "is_active": true, "date_joined": "2020-04-22T02:46:06.443Z", "username": "mr.shamshaddin", "role": 1, "gender": 0, "full_name": "\u0428\u0430\u043c\u0448\u0430\u0434\u0434\u0438\u043d \u041d\u0443\u0440\u0431\u043e\u043b\u043e\u0442 \u0425\u0430\u043b\u0438\u043b\u043e\u0432\u0438\u0447", "birth_date": "1984-11-16", "email": "shamshaddin@gmail.com", "created": "2020-04-22T02:46:06.443Z", "updated": "2020-04-22T02:46:06.443Z", "groups": [], "user_permissions": []}}, {"model": "profiles.user", "pk": 67, "fields": {"password": "pbkdf2_sha256$180000$EL3aMJ5l0fUQ$oBYNJvBqoKiLZvXTzGAGOcdp2iwbMrNWZxAnSVGgW5Y=", "last_login": null, "is_superuser": false, "first_name": "", "last_name": "", "is_staff": false, "is_active": true, "date_joined": "2020-04-22T02:46:06.578Z", "username": "ms.jamagulova", "role": 1, "gender": 1, "full_name": "\u0416\u0430\u043c\u0430\u0433\u0443\u043b\u043e\u0432\u0430 \u0428\u0430\u0440\u0430\u043f\u0430\u0442 \u041c\u0443\u0441\u0442\u0430\u0444\u0430\u0435\u0432\u043d\u0430", "birth_date": "1965-12-08", "email": "jamagulova@gmail.com", "created": "2020-04-22T02:46:06.578Z", "updated": "2020-04-22T02:46:06.578Z", "groups": [], "user_permissions": []}}, {"model": "profiles.user", "pk": 68, "fields": {"password": "pbkdf2_sha256$180000$j5WpnPIuhwac$nBReQZZUH39qQN3mvh7WGA2uMkrswVgObkMEGMTAmfc=", "last_login": null, "is_superuser": false, "first_name": "", "last_name": "", "is_staff": false, "is_active": true, "date_joined": "2020-04-22T02:46:06.709Z", "username": "ms.nurgul", "role": 1, "gender": 1, "full_name": "\u041a\u0443\u043b\u0430\u0442\u043e\u0432\u0430 \u041d\u0443\u0440\u0433\u0443\u043b\u044c \u041e\u0439\u043e\u0437\u0431\u0435\u043a\u043e\u0432\u043d\u0430", "birth_date": "1967-03-08", "email": "nurgul.oiozbekovna@gmail.com", "created": "2020-04-22T02:46:06.709Z", "updated": "2020-04-22T02:46:06.709Z", "groups": [], "user_permissions": []}}, {"model": "profiles.user", "pk": 69, "fields": {"password": "pbkdf2_sha256$180000$IMtclOIWBp8E$1g6shQuUodQoEKWCJfop+uRrLOAQqycaY5HM162iS6c=", "last_login": "2020-05-11T12:52:46.116Z", "is_superuser": true, "first_name": "", "last_name": "", "is_staff": true, "is_active": true, "date_joined": "2020-04-22T02:47:18.577Z", "username": "admin", "role": 0, "gender": 1, "full_name": "Admin Adminovich", "birth_date": null, "email": "nsultanov312@gmail.com", "created": "2020-04-22T02:47:18.720Z", "updated": "2020-05-09T10:23:26.306Z", "groups": [], "user_permissions": []}}, {"model": "profiles.user", "pk": 76, "fields": {"password": "pbkdf2_sha256$180000$pu7h78sMuK3S$nHHOoP5L4+Esd0zG7nARKas3LGEDIbQczzXgZIWcA2U=", "last_login": "2020-05-13T01:10:48.104Z", "is_superuser": false, "first_name": "", "last_name": "", "is_staff": false, "is_active": true, "date_joined": "2020-05-13T01:08:32.070Z", "username": "patient_1018", "role": 1, "gender": 1, "full_name": "\u0410\u043b\u043c\u0430\u043d\u0431\u0435\u0442\u043e\u0432\u0430 \u0410\u043b\u0438\u044f \u0416\u043e\u043c\u0430\u0440\u0442\u0431\u0435\u043a\u043e\u0432\u043d\u0430", "birth_date": "1992-07-28", "email": "aliya92@gmail.com", "created": "2020-05-13T01:08:32.219Z", "updated": "2020-05-13T01:08:32.219Z", "groups": [], "user_permissions": []}}, {"model": "profiles.user", "pk": 77, "fields": {"password": "pbkdf2_sha256$180000$R06J5OjcKwNT$4ITH03R1t/vmAsW9G4QSbJ4QIT0pba3TM49GTKQc4sU=", "last_login": null, "is_superuser": false, "first_name": "", "last_name": "", "is_staff": false, "is_active": true, "date_joined": "2020-05-13T01:13:29.530Z", "username": "patient_1019", "role": 1, "gender": 1, "full_name": "Leonardo Decabrio", "birth_date": "1998-05-15", "email": "", "created": "2020-05-13T01:13:29.684Z", "updated": "2020-05-13T01:13:29.684Z", "groups": [], "user_permissions": []}}, {"model": "profiles.user", "pk": 78, "fields": {"password": "pbkdf2_sha256$180000$R43IRVsxhEr8$KjhovzLixC/AaToKJ5+7G73hp/3TPG9TbT0Vh+oDF84=", "last_login": null, "is_superuser": false, "first_name": "", "last_name": "", "is_staff": false, "is_active": true, "date_joined": "2020-05-13T01:15:31.028Z", "username": "patient_1020", "role": 1, "gender": 1, "full_name": "Ronaldinho Barcelona", "birth_date": "2020-05-13", "email": "", "created": "2020-05-13T01:15:31.173Z", "updated": "2020-05-13T01:15:31.173Z", "groups": [], "user_permissions": []}}, {"model": "profiles.user", "pk": 79, "fields": {"password": "pbkdf2_sha256$180000$8BihYGR3XGTk$iwE8sJDatZmMTsBtGRgIaUMp17VO2p+UJREEvb13SYk=", "last_login": null, "is_superuser": false, "first_name": "", "last_name": "", "is_staff": false, "is_active": true, "date_joined": "2020-05-13T01:19:01.654Z", "username": "patient_1021", "role": 1, "gender": 1, "full_name": "Anjelina Joly", "birth_date": "1974-04-03", "email": "joly.anjelina@gmail.com", "created": "2020-05-13T01:19:01.796Z", "updated": "2020-05-13T01:19:01.796Z", "groups": [], "user_permissions": []}}, {"model": "profiles.user", "pk": 80, "fields": {"password": "patient40607", "last_login": null, "is_superuser": false, "first_name": "", "last_name": "", "is_staff": false, "is_active": true, "date_joined": "2020-05-13T18:13:42.706Z", "username": "patient_1022", "role": 1, "gender": 1, "full_name": "Davadorj Tumurheleg", "birth_date": "1987-05-22", "email": "davadorj@gmail.com", "created": "2020-05-13T18:13:42.707Z", "updated": "2020-05-13T18:13:42.707Z", "groups": [], "user_permissions": []}}, {"model": "profiles.user", "pk": 81, "fields": {"password": "patient63355", "last_login": null, "is_superuser": false, "first_name": "", "last_name": "", "is_staff": false, "is_active": true, "date_joined": "2020-05-13T18:15:11.842Z", "username": "patient_1023", "role": 1, "gender": 1, "full_name": "Kyla Harson", "birth_date": "1990-05-08", "email": "kyle.harison@gmail.com", "created": "2020-05-13T18:15:11.843Z", "updated": "2020-05-13T18:15:11.843Z", "groups": [], "user_permissions": []}}, {"model": "profiles.user", "pk": 82, "fields": {"password": "pbkdf2_sha256$180000$5Mx6FWPyKROA$cYDWpghSJ5/aM8PHDKqjhbJwqRD9JCqGvjFYVoNjEgQ=", "last_login": "2020-05-13T18:32:28.939Z", "is_superuser": false, "first_name": "", "last_name": "", "is_staff": false, "is_active": true, "date_joined": "2020-05-13T18:31:49.617Z", "username": "patient_1024", "role": 1, "gender": 1, "full_name": "\u0414\u0438\u043b\u044c\u0448\u0430\u0434 \u0410\u043d\u0430\u0440\u0431\u0430\u0435\u0432", "birth_date": "1995-01-01", "email": "dilshad.anarbaev@iaau.edu.kg", "created": "2020-05-13T18:31:49.712Z", "updated": "2020-05-13T18:31:49.712Z", "groups": [], "user_permissions": []}}, {"model": "profiles.user", "pk": 83, "fields": {"password": "pbkdf2_sha256$180000$RxSGR9OaYjXN$0vlgxuQmb3Mf+SVn5lKxkJ9x76/phxeVYnfM/5HT/WY=", "last_login": null, "is_superuser": false, "first_name": "", "last_name": "", "is_staff": false, "is_active": true, "date_joined": "2020-05-13T18:48:11.318Z", "username": "patient_1025", "role": 1, "gender": 1, "full_name": "\u041c\u0435\u0434\u0435\u0440\u0431\u0435\u043a \u0410\u0431\u0434\u044b\u043b\u0434\u0430\u0435\u0432", "birth_date": "1996-12-18", "email": "medabek@gmail.com", "created": "2020-05-13T18:48:11.409Z", "updated": "2020-05-13T18:48:11.409Z", "groups": [], "user_permissions": []}}, {"model": "profiles.user", "pk": 84, "fields": {"password": "", "last_login": null, "is_superuser": false, "first_name": "", "last_name": "", "is_staff": false, "is_active": true, "date_joined": "2020-05-13T19:22:44.957Z", "username": "", "role": 1, "gender": 1, "full_name": "", "birth_date": null, "email": null, "created": "2020-05-13T19:22:44.957Z", "updated": "2020-05-13T19:22:44.957Z", "groups": [], "user_permissions": []}}, {"model": "profiles.doctor", "pk": 69, "fields": {"department_id": null, "experience": 1, "salary": null, "image": ""}}, {"model": "profiles.doctor", "pk": 59, "fields": {"department_id": 18, "experience": 5, "salary": "1000.00", "image": ""}}, {"model": "profiles.doctor", "pk": 58, "fields": {"department_id": 18, "experience": 5, "salary": "600.00", "image": ""}}, {"model": "profiles.doctor", "pk": 57, "fields": {"department_id": 18, "experience": 5, "salary": "850.00", "image": ""}}, {"model": "profiles.doctor", "pk": 56, "fields": {"department_id": 20, "experience": 5, "salary": "780.00", "image": ""}}, {"model": "profiles.doctor", "pk": 55, "fields": {"department_id": 19, "experience": 5, "salary": "800.00", "image": ""}}, {"model": "profiles.doctor", "pk": 54, "fields": {"department_id": 17, "experience": 5, "salary": "500.00", "image": ""}}, {"model": "profiles.doctor", "pk": 53, "fields": {"department_id": 16, "experience": 5, "salary": "1300.00", "image": ""}}, {"model": "profiles.doctor", "pk": 52, "fields": {"department_id": 16, "experience": 5, "salary": "1400.00", "image": "doctors/photo_2019-12-04_17-52-34_yOwsHhq.jpg"}}, {"model": "profiles.userphonenumber", "pk": 1, "fields": {"number": "0559-33-35-39", "user": 52}}, {"model": "profiles.userphonenumber", "pk": 9, "fields": {"number": "0558-52-25-25", "user": 52}}, {"model": "profiles.userphonenumber", "pk": 10, "fields": {"number": "0558-27-10-98", "user": 53}}, {"model": "profiles.userphonenumber", "pk": 11, "fields": {"number": "0703-00-99-88", "user": 53}}, {"model": "profiles.userphonenumber", "pk": 12, "fields": {"number": "0555-025-045", "user": 62}}, {"model": "profiles.userphonenumber", "pk": 13, "fields": {"number": "0777-743-343", "user": 62}}, {"model": "profiles.userphonenumber", "pk": 16, "fields": {"number": "0555-031-205", "user": 60}}, {"model": "profiles.userphonenumber", "pk": 18, "fields": {"number": "0563-269-566", "user": 60}}, {"model": "profiles.userphonenumber", "pk": 19, "fields": {"number": "0569-588-888", "user": 60}}, {"model": "profiles.userphonenumber", "pk": 23, "fields": {"number": "0555-555-555", "user": 60}}, {"model": "profiles.userphonenumber", "pk": 25, "fields": {"number": "0343-253-452", "user": 76}}, {"model": "profiles.userphonenumber", "pk": 26, "fields": {"number": "", "user": 77}}, {"model": "profiles.userphonenumber", "pk": 27, "fields": {"number": "", "user": 78}}, {"model": "profiles.userphonenumber", "pk": 28, "fields": {"number": "0434-344-343", "user": 79}}, {"model": "profiles.userphonenumber", "pk": 29, "fields": {"number": "0555-555-555", "user": 80}}, {"model": "profiles.userphonenumber", "pk": 30, "fields": {"number": "0384-030-404", "user": 81}}, {"model": "profiles.userphonenumber", "pk": 31, "fields": {"number": "0555-523-424", "user": 82}}, {"model": "profiles.userphonenumber", "pk": 32, "fields": {"number": "0777-746-364", "user": 83}}, {"model": "profiles.patient", "pk": 84, "fields": {"address": null, "first_password": null}}, {"model": "profiles.patient", "pk": 83, "fields": {"address": "\u0422\u043e\u043a\u043c\u043e\u043a \u0421\u0438\u0442\u0438", "first_password": "patient76858"}}, {"model": "profiles.patient", "pk": 82, "fields": {"address": "Oshington city", "first_password": "patient14439"}}, {"model": "profiles.patient", "pk": 79, "fields": {"address": "Los Angeles, California", "first_password": null}}, {"model": "profiles.patient", "pk": 78, "fields": {"address": "", "first_password": null}}, {"model": "profiles.patient", "pk": 77, "fields": {"address": "", "first_password": null}}, {"model": "profiles.patient", "pk": 76, "fields": {"address": "\u041a\u043e\u043a-\u0414\u0436\u0430\u0440 45", "first_password": null}}, {"model": "profiles.patient", "pk": 68, "fields": {"address": "\u043c\u043a\u0440 \u0414\u0436\u0430\u043b \u0434\u043e\u043c 21 \u043a\u0432. 45", "first_password": null}}, {"model": "profiles.patient", "pk": 67, "fields": {"address": "\u0421\u043a\u0440\u044f\u0431\u0438\u043d\u0430 23", "first_password": null}}, {"model": "profiles.patient", "pk": 66, "fields": {"address": "11 \u043c\u043a\u0440 \u0434\u043e\u043c 56 \u043a\u0432. 104", "first_password": null}}, {"model": "profiles.patient", "pk": 65, "fields": {"address": "4 \u043c\u043a\u0440 \u0434\u043e\u043c 45 \u043a\u0432. 65", "first_password": null}}, {"model": "profiles.patient", "pk": 64, "fields": {"address": "\u0414\u0436\u0430\u043b 234", "first_password": null}}, {"model": "profiles.patient", "pk": 63, "fields": {"address": "\u041a\u0438\u0440\u043a\u043e\u043c\u0441\u0442\u0440\u043e\u043c 13", "first_password": null}}, {"model": "profiles.patient", "pk": 62, "fields": {"address": "\u041a\u043e\u043a \u0416\u0430\u0440 43", "first_password": null}}, {"model": "profiles.patient", "pk": 61, "fields": {"address": "11 \u043c\u043a\u0440 43\u0434", "first_password": null}}, {"model": "profiles.patient", "pk": 60, "fields": {"address": "\u0414\u043e\u0441\u0442\u043e\u0435\u0432\u0441\u043a\u043e\u0433\u043e 43", "first_password": null}}, {"model": "admin.logentry", "pk": 1, "fields": {"action_time": "2020-04-22T03:27:36.785Z", "user": 69, "content_type": 15, "object_id": "10", "object_repr": "visit at 2020-03-15 17:00:00+00:00 for doctor \u0421\u0443\u043b\u0442\u0430\u043d\u043e\u0432 \u0411\u0430\u043a\u044b\u0442 \u0410\u0431\u0434\u044b\u0440\u0430\u0445\u043c\u0430\u043d\u043e\u0432\u0438\u0447", "action_flag": 2, "change_message": "[{\"changed\": {\"fields\": [\"Service\"]}}]"}}, {"model": "admin.logentry", "pk": 2, "fields": {"action_time": "2020-04-22T03:28:47.377Z", "user": 69, "content_type": 15, "object_id": "10", "object_repr": "visit at 2020-03-15 17:00:00+00:00 for doctor \u0421\u0443\u043b\u0442\u0430\u043d\u043e\u0432 \u0411\u0430\u043a\u044b\u0442 \u0410\u0431\u0434\u044b\u0440\u0430\u0445\u043c\u0430\u043d\u043e\u0432\u0438\u0447", "action_flag": 2, "change_message": "[]"}}, {"model": "admin.logentry", "pk": 3, "fields": {"action_time": "2020-04-25T04:05:48.181Z", "user": 69, "content_type": 15, "object_id": "10", "object_repr": "visit at 2020-04-10 17:00:00+00:00 for doctor \u0421\u0443\u043b\u0442\u0430\u043d\u043e\u0432 \u0411\u0430\u043a\u044b\u0442 \u0410\u0431\u0434\u044b\u0440\u0430\u0445\u043c\u0430\u043d\u043e\u0432\u0438\u0447", "action_flag": 2, "change_message": "[{\"changed\": {\"fields\": [\"Start time\"]}}]"}}, {"model": "admin.logentry", "pk": 4, "fields": {"action_time": "2020-04-25T12:00:16.151Z", "user": 69, "content_type": 4, "object_id": "52", "object_repr": "0: \u0421\u0443\u043b\u0442\u0430\u043d\u043e\u0432 \u0411\u0430\u043a\u044b\u0442 \u0410\u0431\u0434\u044b\u0440\u0430\u0445\u043c\u0430\u043d\u043e\u0432\u0438\u0447", "action_flag": 2, "change_message": "[{\"added\": {\"name\": \"user phone number\", \"object\": \"UserPhoneNumber object (1)\"}}]"}}, {"model": "admin.logentry", "pk": 5, "fields": {"action_time": "2020-04-25T12:00:50.215Z", "user": 69, "content_type": 4, "object_id": "52", "object_repr": "0: \u0421\u0443\u043b\u0442\u0430\u043d\u043e\u0432 \u0411\u0430\u043a\u044b\u0442 \u0410\u0431\u0434\u044b\u0440\u0430\u0445\u043c\u0430\u043d\u043e\u0432\u0438\u0447", "action_flag": 2, "change_message": "[{\"added\": {\"name\": \"user phone number\", \"object\": \"UserPhoneNumber object (2)\"}}]"}}, {"model": "admin.logentry", "pk": 6, "fields": {"action_time": "2020-04-25T12:02:37.813Z", "user": 69, "content_type": 7, "object_id": "52", "object_repr": "\u0421\u0443\u043b\u0442\u0430\u043d\u043e\u0432 \u0411\u0430\u043a\u044b\u0442 \u0410\u0431\u0434\u044b\u0440\u0430\u0445\u043c\u0430\u043d\u043e\u0432\u0438\u0447", "action_flag": 2, "change_message": "[{\"changed\": {\"fields\": [\"Image\"]}}]"}}, {"model": "admin.logentry", "pk": 7, "fields": {"action_time": "2020-04-28T13:44:57.318Z", "user": 69, "content_type": 8, "object_id": "4", "object_repr": "Forever Med", "action_flag": 2, "change_message": "[{\"added\": {\"name\": \"Schedule Time\", \"object\": \"\\u041f\\u043d-\\u041f\\u0442  start: 09:00:00  end; 18:00:00\"}}, {\"added\": {\"name\": \"Schedule Time\", \"object\": \"\\u0421\\u0431  start: 09:00:00  end; 13:00:00\"}}, {\"added\": {\"name\": \"Schedule Time\", \"object\": \"\\u0412\\u0441  start: None  end; None\"}}, {\"added\": {\"name\": \"Med-Center Photo\", \"object\": \"Logo\"}}]"}}, {"model": "admin.logentry", "pk": 8, "fields": {"action_time": "2020-05-09T10:23:26.310Z", "user": 69, "content_type": 4, "object_id": "69", "object_repr": "0: Admin Adminovich", "action_flag": 2, "change_message": "[{\"changed\": {\"fields\": [\"Email\", \"Full name\"]}}]"}}, {"model": "admin.logentry", "pk": 9, "fields": {"action_time": "2020-05-09T20:32:28.914Z", "user": 69, "content_type": 4, "object_id": "53", "object_repr": "0: \u0421\u0443\u043b\u0442\u0430\u043d\u043e\u0432\u0430 \u0410\u0436\u0430\u0440\u0430 \u0410\u0431\u0434\u044b\u043b\u0431\u0430\u043a\u044b\u0435\u0432\u043d\u0430", "action_flag": 2, "change_message": "[{\"added\": {\"name\": \"user phone number\", \"object\": \"UserPhoneNumber object (10)\"}}, {\"added\": {\"name\": \"user phone number\", \"object\": \"UserPhoneNumber object (11)\"}}]"}}, {"model": "admin.logentry", "pk": 10, "fields": {"action_time": "2020-05-11T13:37:16.507Z", "user": 69, "content_type": 15, "object_id": "11", "object_repr": "\u0414\u0430\u0442\u0430: 11/5/2020 \u0412\u0440\u0435\u043c\u044f: 13:30. \u0414\u043e\u043a\u0442\u043e\u0440: \u0421\u0443\u043b\u0442\u0430\u043d\u043e\u0432 \u041d\u0430\u0434\u044b\u0440\u0431\u0435\u043a \u0410\u0431\u0434\u044b\u043b\u0431\u0430\u043a\u044b\u0435\u0432\u0438\u0447", "action_flag": 1, "change_message": "[{\"added\": {}}]"}}, {"model": "admin.logentry", "pk": 11, "fields": {"action_time": "2020-05-12T11:38:11.398Z", "user": 69, "content_type": 20, "object_id": "1", "object_repr": "\u041e\u0442\u0437\u044b\u0432 \u043e\u0442 \u041c\u0430\u043a\u0441\u0430\u0442\u043e\u0432 \u0410\u0441\u0430\u043d \u041c\u0443\u0440\u0430\u0442\u043e\u0432\u0438\u0447 \u0432 2020-05-12 11:38:11.393863+00:00", "action_flag": 1, "change_message": "[{\"added\": {}}]"}}, {"model": "admin.logentry", "pk": 12, "fields": {"action_time": "2020-05-12T11:44:04.498Z", "user": 69, "content_type": 4, "object_id": "57", "object_repr": "0: \u0421\u0443\u043b\u0442\u0430\u043d\u043e\u0432 \u0410\u0431\u0434\u044b\u043b\u0431\u0430\u043a\u044b \u0410\u0431\u0434\u044b\u0440\u0430\u0445\u043c\u0430\u043d\u043e\u0432\u0438\u0447", "action_flag": 2, "change_message": "[{\"changed\": {\"fields\": [\"Full name\"]}}]"}}, {"model": "admin.logentry", "pk": 13, "fields": {"action_time": "2020-05-12T13:20:32.211Z", "user": 69, "content_type": 20, "object_id": "2", "object_repr": "\u041e\u0442\u0437\u044b\u0432 \u043e\u0442 \u041c\u0430\u043a\u0441\u0430\u0442\u043e\u0432 \u0410\u0441\u0430\u043d \u041c\u0443\u0440\u0430\u0442\u043e\u0432\u0438\u0447 \u0432 2020-05-12 12:57:20.434639+00:00", "action_flag": 2, "change_message": "[{\"changed\": {\"fields\": [\"Is_approved\"]}}]"}}, {"model": "admin.logentry", "pk": 14, "fields": {"action_time": "2020-05-12T13:21:06.238Z", "user": 69, "content_type": 20, "object_id": "3", "object_repr": "\u041e\u0442\u0437\u044b\u0432 \u043e\u0442 \u0428\u043e\u043a\u0435\u043d\u043e\u0432\u0430 \u0410\u0434\u0435\u043b\u0438\u043d\u0430 \u041c\u0430\u0440\u0430\u0442\u043e\u0432\u043d\u0430 \u0432 2020-05-12 13:21:06.233365+00:00", "action_flag": 1, "change_message": "[{\"added\": {}}]"}}, {"model": "admin.logentry", "pk": 15, "fields": {"action_time": "2020-05-12T13:27:59.628Z", "user": 69, "content_type": 20, "object_id": "4", "object_repr": "\u041e\u0442\u0437\u044b\u0432 \u043e\u0442 \u041c\u0430\u043a\u0441\u0438\u043c\u043e\u0432\u0430 \u042d\u043b\u0438\u043d\u0430 \u042d\u0440\u043c\u0435\u043a\u043e\u0432\u043d\u0430 \u0432 2020-05-12 13:27:59.623527+00:00", "action_flag": 1, "change_message": "[{\"added\": {}}]"}}, {"model": "admin.logentry", "pk": 16, "fields": {"action_time": "2020-05-12T13:33:33.574Z", "user": 69, "content_type": 8, "object_id": "4", "object_repr": "Forever Med", "action_flag": 2, "change_message": "[{\"changed\": {\"fields\": [\"Description\"]}}]"}}, {"model": "admin.logentry", "pk": 17, "fields": {"action_time": "2020-05-12T14:02:11.448Z", "user": 69, "content_type": 20, "object_id": "5", "object_repr": "\u041e\u0442\u0437\u044b\u0432 \u043e\u0442 \u0421\u0443\u043b\u0442\u0430\u043d\u043e\u0432\u0430 \u0416\u0430\u043c\u0438\u043b\u044f \u0410\u0431\u0434\u044b\u043b\u0431\u0430\u043a\u044b\u0435\u0432\u043d\u0430 \u0432 2020-05-12 14:01:35.693029+00:00", "action_flag": 2, "change_message": "[{\"changed\": {\"fields\": [\"Is_approved\"]}}]"}}, {"model": "admin.logentry", "pk": 18, "fields": {"action_time": "2020-05-12T14:07:44.092Z", "user": 69, "content_type": 20, "object_id": "1", "object_repr": "\u041e\u0442\u0437\u044b\u0432 \u043e\u0442 \u041c\u0430\u043a\u0441\u0430\u0442\u043e\u0432 \u0410\u0441\u0430\u043d \u041c\u0443\u0440\u0430\u0442\u043e\u0432\u0438\u0447 \u0432 2020-05-12 11:38:11.393863+00:00", "action_flag": 2, "change_message": "[{\"changed\": {\"fields\": [\"Text\"]}}]"}}, {"model": "admin.logentry", "pk": 19, "fields": {"action_time": "2020-05-12T14:08:40.771Z", "user": 69, "content_type": 20, "object_id": "2", "object_repr": "\u041e\u0442\u0437\u044b\u0432 \u043e\u0442 \u041c\u0430\u043a\u0441\u0430\u0442\u043e\u0432 \u0410\u0441\u0430\u043d \u041c\u0443\u0440\u0430\u0442\u043e\u0432\u0438\u0447 \u0432 2020-05-12 12:57:20.434639+00:00", "action_flag": 2, "change_message": "[{\"changed\": {\"fields\": [\"Text\"]}}]"}}, {"model": "admin.logentry", "pk": 20, "fields": {"action_time": "2020-05-12T20:52:52.904Z", "user": 69, "content_type": 15, "object_id": "10", "object_repr": "\u0414\u0430\u0442\u0430: 15/3/2020 \u0412\u0440\u0435\u043c\u044f: 17:0. \u0414\u043e\u043a\u0442\u043e\u0440: \u0421\u0443\u043b\u0442\u0430\u043d\u043e\u0432 \u041d\u0430\u0434\u044b\u0440\u0431\u0435\u043a \u0410\u0431\u0434\u044b\u043b\u0431\u0430\u043a\u044b\u0435\u0432\u0438\u0447", "action_flag": 2, "change_message": "[{\"changed\": {\"fields\": [\"Finished\"]}}]"}}, {"model": "admin.logentry", "pk": 21, "fields": {"action_time": "2020-05-13T01:06:26.743Z", "user": 69, "content_type": 4, "object_id": "75", "object_repr": "1: \u0410\u043b\u043c\u0430\u043d\u0431\u0435\u0442\u043e\u0432\u0430 \u0410\u043b\u0438\u044f \u0416\u043e\u043c\u0430\u0440\u0442\u0431\u0435\u043a\u043e\u0432\u043d\u0430", "action_flag": 3, "change_message": ""}}, {"model": "admin.logentry", "pk": 22, "fields": {"action_time": "2020-05-13T01:06:26.746Z", "user": 69, "content_type": 4, "object_id": "74", "object_repr": "1: \u0410\u043b\u043c\u0430\u043d\u0431\u0435\u0442\u043e\u0432\u0430 \u0410\u043b\u0438\u044f \u0416\u043e\u043c\u0430\u0440\u0442\u0431\u0435\u043a\u043e\u0432\u043d\u0430", "action_flag": 3, "change_message": ""}}, {"model": "admin.logentry", "pk": 23, "fields": {"action_time": "2020-05-13T01:06:26.748Z", "user": 69, "content_type": 4, "object_id": "73", "object_repr": "1: \u0410\u043b\u043c\u0430\u043d\u0431\u0435\u0442\u043e\u0432\u0430 \u0410\u043b\u0438\u044f \u0416\u043e\u043c\u0430\u0440\u0442\u0431\u0435\u043a\u043e\u0432\u043d\u0430", "action_flag": 3, "change_message": ""}}, {"model": "admin.logentry", "pk": 24, "fields": {"action_time": "2020-05-13T01:06:26.749Z", "user": 69, "content_type": 4, "object_id": "72", "object_repr": "1: \u0410\u043b\u043c\u0430\u043d\u0431\u0435\u0442\u043e\u0432\u0430 \u0410\u043b\u0438\u044f \u0416\u043e\u043c\u0430\u0440\u0442\u0431\u0435\u043a\u043e\u0432\u043d\u0430", "action_flag": 3, "change_message": ""}}, {"model": "admin.logentry", "pk": 25, "fields": {"action_time": "2020-05-13T01:06:26.750Z", "user": 69, "content_type": 4, "object_id": "71", "object_repr": "1: \u0410\u043b\u043c\u0430\u043d\u0431\u0435\u0442\u043e\u0432\u0430 \u0410\u043b\u0438\u044f \u0416\u043e\u043c\u0430\u0440\u0442\u0431\u0435\u043a\u043e\u0432\u043d\u0430", "action_flag": 3, "change_message": ""}}, {"model": "admin.logentry", "pk": 26, "fields": {"action_time": "2020-05-13T01:06:26.752Z", "user": 69, "content_type": 4, "object_id": "70", "object_repr": "1: \u0410\u043b\u043c\u0430\u043d\u0431\u0435\u0442\u043e\u0432\u0430 \u0410\u043b\u0438\u044f \u0416\u043e\u043c\u0430\u0440\u0442\u0431\u0435\u043a\u043e\u0432\u043d\u0430", "action_flag": 3, "change_message": ""}}, {"model": "admin.logentry", "pk": 27, "fields": {"action_time": "2020-05-13T18:30:33.378Z", "user": 69, "content_type": 5, "object_id": "81", "object_repr": "Kyla Harson", "action_flag": 3, "change_message": ""}}, {"model": "admin.logentry", "pk": 28, "fields": {"action_time": "2020-05-13T18:30:33.383Z", "user": 69, "content_type": 5, "object_id": "80", "object_repr": "Davadorj Tumurheleg", "action_flag": 3, "change_message": ""}}, {"model": "admin.logentry", "pk": 29, "fields": {"action_time": "2020-05-13T18:46:12.684Z", "user": 69, "content_type": 5, "object_id": "82", "object_repr": "\u0414\u0438\u043b\u044c\u0448\u0430\u0434 \u0410\u043d\u0430\u0440\u0431\u0430\u0435\u0432", "action_flag": 2, "change_message": "[{\"changed\": {\"fields\": [\"Initial Password\"]}}]"}}, {"model": "admin.logentry", "pk": 30, "fields": {"action_time": "2020-05-13T19:53:29.006Z", "user": 69, "content_type": 15, "object_id": "10", "object_repr": "\u0414\u0430\u0442\u0430: 15/3/2020 \u0412\u0440\u0435\u043c\u044f: 17:0. \u0414\u043e\u043a\u0442\u043e\u0440: \u0421\u0443\u043b\u0442\u0430\u043d\u043e\u0432 \u041d\u0430\u0434\u044b\u0440\u0431\u0435\u043a \u0410\u0431\u0434\u044b\u043b\u0431\u0430\u043a\u044b\u0435\u0432\u0438\u0447", "action_flag": 2, "change_message": "[{\"added\": {\"name\": \"visit image\", \"object\": \"visit image 2020-05-13 19:53:29.003855+00:00\"}}]"}}, {"model": "admin.logentry", "pk": 31, "fields": {"action_time": "2020-05-13T19:54:31.742Z", "user": 69, "content_type": 15, "object_id": "10", "object_repr": "\u0414\u0430\u0442\u0430: 15/3/2020 \u0412\u0440\u0435\u043c\u044f: 17:0. \u0414\u043e\u043a\u0442\u043e\u0440: \u0421\u0443\u043b\u0442\u0430\u043d\u043e\u0432 \u041d\u0430\u0434\u044b\u0440\u0431\u0435\u043a \u0410\u0431\u0434\u044b\u043b\u0431\u0430\u043a\u044b\u0435\u0432\u0438\u0447", "action_flag": 2, "change_message": "[{\"added\": {\"name\": \"visit image\", \"object\": \"visit image 2020-05-13 19:54:31.741100+00:00\"}}]"}}, {"model": "admin.logentry", "pk": 32, "fields": {"action_time": "2020-05-13T19:55:05.548Z", "user": 69, "content_type": 15, "object_id": "10", "object_repr": "\u0414\u0430\u0442\u0430: 15/3/2020 \u0412\u0440\u0435\u043c\u044f: 17:0. \u0414\u043e\u043a\u0442\u043e\u0440: \u0421\u0443\u043b\u0442\u0430\u043d\u043e\u0432 \u041d\u0430\u0434\u044b\u0440\u0431\u0435\u043a \u0410\u0431\u0434\u044b\u043b\u0431\u0430\u043a\u044b\u0435\u0432\u0438\u0447", "action_flag": 2, "change_message": "[{\"added\": {\"name\": \"visit image\", \"object\": \"visit image 2020-05-13 19:55:05.547576+00:00\"}}]"}}, {"model": "admin.logentry", "pk": 33, "fields": {"action_time": "2020-05-13T19:55:35.518Z", "user": 69, "content_type": 15, "object_id": "10", "object_repr": "\u0414\u0430\u0442\u0430: 15/3/2020 \u0412\u0440\u0435\u043c\u044f: 17:0. \u0414\u043e\u043a\u0442\u043e\u0440: \u0421\u0443\u043b\u0442\u0430\u043d\u043e\u0432 \u041d\u0430\u0434\u044b\u0440\u0431\u0435\u043a \u0410\u0431\u0434\u044b\u043b\u0431\u0430\u043a\u044b\u0435\u0432\u0438\u0447", "action_flag": 2, "change_message": "[{\"deleted\": {\"name\": \"visit image\", \"object\": \"visit image 2020-05-13 19:53:29.003855+00:00\"}}, {\"deleted\": {\"name\": \"visit image\", \"object\": \"visit image 2020-05-13 19:54:31.741100+00:00\"}}]"}}]