[{"model": "contenttypes.contenttype", "pk": 1, "fields": {"app_label": "auth", "model": "permission"}}, {"model": "contenttypes.contenttype", "pk": 2, "fields": {"app_label": "auth", "model": "group"}}, {"model": "contenttypes.contenttype", "pk": 3, "fields": {"app_label": "contenttypes", "model": "contenttype"}}, {"model": "contenttypes.contenttype", "pk": 4, "fields": {"app_label": "profiles", "model": "user"}}, {"model": "contenttypes.contenttype", "pk": 5, "fields": {"app_label": "profiles", "model": "patient"}}, {"model": "contenttypes.contenttype", "pk": 6, "fields": {"app_label": "profiles", "model": "userphonenumber"}}, {"model": "contenttypes.contenttype", "pk": 7, "fields": {"app_label": "profiles", "model": "doctor"}}, {"model": "contenttypes.contenttype", "pk": 8, "fields": {"app_label": "med_center", "model": "medicalcenter"}}, {"model": "contenttypes.contenttype", "pk": 9, "fields": {"app_label": "med_center", "model": "scheduletime"}}, {"model": "contenttypes.contenttype", "pk": 10, "fields": {"app_label": "med_center", "model": "medcenterphoto"}}, {"model": "contenttypes.contenttype", "pk": 11, "fields": {"app_label": "department", "model": "department"}}, {"model": "contenttypes.contenttype", "pk": 12, "fields": {"app_label": "branch", "model": "branch"}}, {"model": "contenttypes.contenttype", "pk": 13, "fields": {"app_label": "branch", "model": "branchphonenumber"}}, {"model": "contenttypes.contenttype", "pk": 14, "fields": {"app_label": "services", "model": "service"}}, {"model": "contenttypes.contenttype", "pk": 15, "fields": {"app_label": "visit", "model": "visit"}}, {"model": "contenttypes.contenttype", "pk": 16, "fields": {"app_label": "samples", "model": "sample"}}, {"model": "contenttypes.contenttype", "pk": 17, "fields": {"app_label": "admin", "model": "logentry"}}, {"model": "contenttypes.contenttype", "pk": 18, "fields": {"app_label": "sessions", "model": "session"}}, {"model": "sessions.session", "pk": "khi27ipet5tuh7yd9vppy4snp90xbssd", "fields": {"session_data": "MzgwZjZmMjg1YzBiYTY0YTFhNjA2MmYyYjRhMzU4YWUwMTgzOWY0NTp7Il9hdXRoX3VzZXJfaWQiOiI1MiIsIl9hdXRoX3VzZXJfYmFja2VuZCI6ImRqYW5nby5jb250cmliLmF1dGguYmFja2VuZHMuTW9kZWxCYWNrZW5kIiwiX2F1dGhfdXNlcl9oYXNoIjoiNTcyMTg5N2U3OGMyMjE3NzYxOTVkZDkyNGYxMzgyNDI3Nzk4NmUyMyJ9", "expire_date": "2020-05-06T02:49:43.084Z"}}, {"model": "sessions.session", "pk": "ovs6ey2bhng4whv5zauew76b6861nsvk", "fields": {"session_data": "ZGJjMWZjN2JlNGUyNmI1Mjg5YmI3NTFmMTUwYTMzMTEzYTg3NmUyYjp7Il9hdXRoX3VzZXJfaWQiOiI2OSIsIl9hdXRoX3VzZXJfYmFja2VuZCI6ImRqYW5nby5jb250cmliLmF1dGguYmFja2VuZHMuTW9kZWxCYWNrZW5kIiwiX2F1dGhfdXNlcl9oYXNoIjoiM2M1ZDdiYjZiYWZjYjIyNDRiNjgxZDc3OGU5YWI5NDdmY2Y1NDM3OCJ9", "expire_date": "2020-05-06T02:49:20.044Z"}}, {"model": "med_center.medicalcenter", "pk": 4, "fields": {"title": "Forever Med", "description": "Medical center in Bishkek"}}, {"model": "department.department", "pk": 16, "fields": {"title": "\u0423\u0417\u0418", "description": "\u0423\u043b\u044c\u0440\u0442\u0440\u0430 \u0417\u0432\u0443\u043a\u043e\u0432\u043e\u0435 \u0418\u0441\u043b\u0435\u0434\u043e\u0432\u0430\u043d\u0438\u0435", "image": "", "med_center": 4}}, {"model": "department.department", "pk": 17, "fields": {"title": "\u0421\u0442\u043e\u043c\u043e\u0442\u043e\u043b\u043e\u0433\u0438\u044f", "description": "\u0421\u0442\u043e\u043c\u043e\u0442\u043e\u043b\u043e\u0433\u0438\u044f", "image": "", "med_center": 4}}, {"model": "department.department", "pk": 18, "fields": {"title": "\u041c\u0430\u0441\u0441\u0430\u0436", "description": "\u041c\u0430\u0441\u0441\u0430\u0436", "image": "", "med_center": 4}}, {"model": "department.department", "pk": 19, "fields": {"title": "\u0423\u0440\u043e\u043b\u043e\u0433\u0438\u044f", "description": "\u0423\u0440\u043e\u043b\u043e\u0433\u0438\u044f", "image": "", "med_center": 4}}, {"model": "department.department", "pk": 20, "fields": {"title": "\u0413\u0438\u043d\u0435\u043a\u043e\u043b\u043e\u0433\u0438\u044f", "description": "\u0413\u0438\u043d\u0435\u043a\u043e\u043b\u043e\u0433\u0438\u044f", "image": "", "med_center": 4}}, {"model": "branch.branch", "pk": 4, "fields": {"title": "\u041a\u0438\u0435\u0432\u0441\u043a\u0430\u044f/\u0421\u043e\u0432\u0435\u0442\u0441\u043a\u0430\u044f", "description": "\u0413\u043b\u0430\u0432\u043d\u0430\u044f \u043a\u043b\u0438\u043d\u0438\u043a\u0430", "address": "\u041a\u0438\u0435\u0432\u0441\u043a\u0430\u044f 42", "is_main": true, "med_center_id": 4}}, {"model": "branch.branchphonenumber", "pk": 4, "fields": {"number": "0559333539", "branch_id": 4}}, {"model": "services.service", "pk": 22, "fields": {"title": "\u0423\u0417\u0418 \u0432\u043d\u0443\u0442\u0440\u0435\u043d\u043d\u0438\u0445 \u043e\u0440\u0433\u0430\u043d\u043e\u0432", "price": "800.00", "description": "\u0422\u0430\u043a\u0438\u043c \u043e\u0431\u0440\u0430\u0437\u043e\u043c \u0434\u0430\u043b\u044c\u043d\u0435\u0439\u0448\u0435\u0435 \u0440\u0430\u0437\u0432\u0438\u0442\u0438\u0435 \u0440\u0430\u0437\u043b\u0438\u0447\u043d\u044b\u0445 \u0444\u043e\u0440\u043c \u0434\u0435\u044f\u0442\u0435\u043b\u044c\u043d\u043e\u0441\u0442\u0438 \u043f\u043e\u0437\u0432\u043e\u043b\u044f\u0435\u0442 \u0432\u044b\u043f\u043e\u043b\u043d\u044f\u0442\u044c \u0432\u0430\u0436\u043d\u044b\u0435 \u0437\u0430\u0434\u0430\u043d\u0438\u044f \u043f\u043e \u0440\u0430\u0437\u0440\u0430\u0431\u043e\u0442\u043a\u0435 \u043f\u043e\u0437\u0438\u0446\u0438\u0439, \u0437\u0430\u043d\u0438\u043c\u0430\u0435\u043c\u044b\u0445 \u0443\u0447\u0430\u0441\u0442\u043d\u0438\u043a\u0430\u043c\u0438 \u0432 \u043e\u0442\u043d\u043e\u0448\u0435\u043d\u0438\u0438 \u043f\u043e\u0441\u0442\u0430\u0432\u043b\u0435\u043d\u043d\u044b\u0445 \u0437\u0430\u0434\u0430\u0447. \u0420\u0430\u0432\u043d\u044b\u043c \u043e\u0431\u0440\u0430\u0437\u043e\u043c \u0443\u043a\u0440\u0435\u043f\u043b\u0435\u043d\u0438\u0435 \u0438 \u0440\u0430\u0437\u0432\u0438\u0442\u0438\u0435 \u0441\u0442\u0440\u0443\u043a\u0442\u0443\u0440\u044b \u0442\u0440\u0435\u0431\u0443\u044e\u0442 \u043e\u0442 \u043d\u0430\u0441 \u0430\u043d\u0430\u043b\u0438\u0437\u0430 \u043c\u043e\u0434\u0435\u043b\u0438 \u0440\u0430\u0437\u0432\u0438\u0442\u0438\u044f. \u0422\u0430\u043a\u0438\u043c \u043e\u0431\u0440\u0430\u0437\u043e\u043c \u043f\u043e\u0441\u0442\u043e\u044f\u043d\u043d\u043e\u0435 \u0438\u043d\u0444\u043e\u0440\u043c\u0430\u0446\u0438\u043e\u043d\u043d\u043e-\u043f\u0440\u043e\u043f\u0430\u0433\u0430\u043d\u0434\u0438\u0441\u0442\u0441\u043a\u043e\u0435 \u043e\u0431\u0435\u0441\u043f\u0435\u0447\u0435\u043d\u0438\u0435 \u043d\u0430\u0448\u0435\u0439 \u0434\u0435\u044f\u0442\u0435\u043b\u044c\u043d\u043e\u0441\u0442\u0438 \u0438\u0433\u0440\u0430\u0435\u0442 \u0432\u0430\u0436\u043d\u0443\u044e \u0440\u043e\u043b\u044c \u0432 \u0444\u043e\u0440\u043c\u0438\u0440\u043e\u0432\u0430\u043d\u0438\u0438 \u043d\u0430\u043f\u0440\u0430\u0432\u043b\u0435\u043d\u0438\u0439 \u043f\u0440\u043e\u0433\u0440\u0435\u0441\u0441\u0438\u0432\u043d\u043e\u0433\u043e \u0440\u0430\u0437\u0432\u0438\u0442\u0438\u044f.", "department": 16}}, {"model": "services.service", "pk": 23, "fields": {"title": "\u0423\u0417\u0418 \u043f\u043e\u0447\u0435\u043a", "price": "300.00", "description": "\u0422\u0430\u043a\u0438\u043c \u043e\u0431\u0440\u0430\u0437\u043e\u043c \u0434\u0430\u043b\u044c\u043d\u0435\u0439\u0448\u0435\u0435 \u0440\u0430\u0437\u0432\u0438\u0442\u0438\u0435 \u0440\u0430\u0437\u043b\u0438\u0447\u043d\u044b\u0445 \u0444\u043e\u0440\u043c \u0434\u0435\u044f\u0442\u0435\u043b\u044c\u043d\u043e\u0441\u0442\u0438 \u043f\u043e\u0437\u0432\u043e\u043b\u044f\u0435\u0442 \u0432\u044b\u043f\u043e\u043b\u043d\u044f\u0442\u044c \u0432\u0430\u0436\u043d\u044b\u0435 \u0437\u0430\u0434\u0430\u043d\u0438\u044f \u043f\u043e \u0440\u0430\u0437\u0440\u0430\u0431\u043e\u0442\u043a\u0435 \u043f\u043e\u0437\u0438\u0446\u0438\u0439, \u0437\u0430\u043d\u0438\u043c\u0430\u0435\u043c\u044b\u0445 \u0443\u0447\u0430\u0441\u0442\u043d\u0438\u043a\u0430\u043c\u0438 \u0432 \u043e\u0442\u043d\u043e\u0448\u0435\u043d\u0438\u0438 \u043f\u043e\u0441\u0442\u0430\u0432\u043b\u0435\u043d\u043d\u044b\u0445 \u0437\u0430\u0434\u0430\u0447. \u0420\u0430\u0432\u043d\u044b\u043c \u043e\u0431\u0440\u0430\u0437\u043e\u043c \u0443\u043a\u0440\u0435\u043f\u043b\u0435\u043d\u0438\u0435 \u0438 \u0440\u0430\u0437\u0432\u0438\u0442\u0438\u0435 \u0441\u0442\u0440\u0443\u043a\u0442\u0443\u0440\u044b \u0442\u0440\u0435\u0431\u0443\u044e\u0442 \u043e\u0442 \u043d\u0430\u0441 \u0430\u043d\u0430\u043b\u0438\u0437\u0430 \u043c\u043e\u0434\u0435\u043b\u0438 \u0440\u0430\u0437\u0432\u0438\u0442\u0438\u044f. \u0422\u0430\u043a\u0438\u043c \u043e\u0431\u0440\u0430\u0437\u043e\u043c \u043f\u043e\u0441\u0442\u043e\u044f\u043d\u043d\u043e\u0435 \u0438\u043d\u0444\u043e\u0440\u043c\u0430\u0446\u0438\u043e\u043d\u043d\u043e-\u043f\u0440\u043e\u043f\u0430\u0433\u0430\u043d\u0434\u0438\u0441\u0442\u0441\u043a\u043e\u0435 \u043e\u0431\u0435\u0441\u043f\u0435\u0447\u0435\u043d\u0438\u0435 \u043d\u0430\u0448\u0435\u0439 \u0434\u0435\u044f\u0442\u0435\u043b\u044c\u043d\u043e\u0441\u0442\u0438 \u0438\u0433\u0440\u0430\u0435\u0442 \u0432\u0430\u0436\u043d\u0443\u044e \u0440\u043e\u043b\u044c \u0432 \u0444\u043e\u0440\u043c\u0438\u0440\u043e\u0432\u0430\u043d\u0438\u0438 \u043d\u0430\u043f\u0440\u0430\u0432\u043b\u0435\u043d\u0438\u0439 \u043f\u0440\u043e\u0433\u0440\u0435\u0441\u0441\u0438\u0432\u043d\u043e\u0433\u043e \u0440\u0430\u0437\u0432\u0438\u0442\u0438\u044f.", "department": 16}}, {"model": "services.service", "pk": 24, "fields": {"title": "\u0423\u0417\u0418 \u0432\u0435\u0440\u0445\u043d\u0438\u0445 \u043a\u043e\u043d\u0435\u0447\u043d\u043e\u0441\u0442\u0435\u0439", "price": "500.00", "description": "\u0422\u0430\u043a\u0438\u043c \u043e\u0431\u0440\u0430\u0437\u043e\u043c \u0434\u0430\u043b\u044c\u043d\u0435\u0439\u0448\u0435\u0435 \u0440\u0430\u0437\u0432\u0438\u0442\u0438\u0435 \u0440\u0430\u0437\u043b\u0438\u0447\u043d\u044b\u0445 \u0444\u043e\u0440\u043c \u0434\u0435\u044f\u0442\u0435\u043b\u044c\u043d\u043e\u0441\u0442\u0438 \u043f\u043e\u0437\u0432\u043e\u043b\u044f\u0435\u0442 \u0432\u044b\u043f\u043e\u043b\u043d\u044f\u0442\u044c \u0432\u0430\u0436\u043d\u044b\u0435 \u0437\u0430\u0434\u0430\u043d\u0438\u044f \u043f\u043e \u0440\u0430\u0437\u0440\u0430\u0431\u043e\u0442\u043a\u0435 \u043f\u043e\u0437\u0438\u0446\u0438\u0439, \u0437\u0430\u043d\u0438\u043c\u0430\u0435\u043c\u044b\u0445 \u0443\u0447\u0430\u0441\u0442\u043d\u0438\u043a\u0430\u043c\u0438 \u0432 \u043e\u0442\u043d\u043e\u0448\u0435\u043d\u0438\u0438 \u043f\u043e\u0441\u0442\u0430\u0432\u043b\u0435\u043d\u043d\u044b\u0445 \u0437\u0430\u0434\u0430\u0447. \u0420\u0430\u0432\u043d\u044b\u043c \u043e\u0431\u0440\u0430\u0437\u043e\u043c \u0443\u043a\u0440\u0435\u043f\u043b\u0435\u043d\u0438\u0435 \u0438 \u0440\u0430\u0437\u0432\u0438\u0442\u0438\u0435 \u0441\u0442\u0440\u0443\u043a\u0442\u0443\u0440\u044b \u0442\u0440\u0435\u0431\u0443\u044e\u0442 \u043e\u0442 \u043d\u0430\u0441 \u0430\u043d\u0430\u043b\u0438\u0437\u0430 \u043c\u043e\u0434\u0435\u043b\u0438 \u0440\u0430\u0437\u0432\u0438\u0442\u0438\u044f. \u0422\u0430\u043a\u0438\u043c \u043e\u0431\u0440\u0430\u0437\u043e\u043c \u043f\u043e\u0441\u0442\u043e\u044f\u043d\u043d\u043e\u0435 \u0438\u043d\u0444\u043e\u0440\u043c\u0430\u0446\u0438\u043e\u043d\u043d\u043e-\u043f\u0440\u043e\u043f\u0430\u0433\u0430\u043d\u0434\u0438\u0441\u0442\u0441\u043a\u043e\u0435 \u043e\u0431\u0435\u0441\u043f\u0435\u0447\u0435\u043d\u0438\u0435 \u043d\u0430\u0448\u0435\u0439 \u0434\u0435\u044f\u0442\u0435\u043b\u044c\u043d\u043e\u0441\u0442\u0438 \u0438\u0433\u0440\u0430\u0435\u0442 \u0432\u0430\u0436\u043d\u0443\u044e \u0440\u043e\u043b\u044c \u0432 \u0444\u043e\u0440\u043c\u0438\u0440\u043e\u0432\u0430\u043d\u0438\u0438 \u043d\u0430\u043f\u0440\u0430\u0432\u043b\u0435\u043d\u0438\u0439 \u043f\u0440\u043e\u0433\u0440\u0435\u0441\u0441\u0438\u0432\u043d\u043e\u0433\u043e \u0440\u0430\u0437\u0432\u0438\u0442\u0438\u044f.", "department": 16}}, {"model": "services.service", "pk": 25, "fields": {"title": "\u0423\u0417\u0418 \u043a\u043e\u043b\u0435\u043d\u043e\u0433\u043e \u0441\u0443\u0441\u0442\u0430\u0432\u0430", "price": "800.00", "description": "\u0422\u0430\u043a\u0438\u043c \u043e\u0431\u0440\u0430\u0437\u043e\u043c \u0434\u0430\u043b\u044c\u043d\u0435\u0439\u0448\u0435\u0435 \u0440\u0430\u0437\u0432\u0438\u0442\u0438\u0435 \u0440\u0430\u0437\u043b\u0438\u0447\u043d\u044b\u0445 \u0444\u043e\u0440\u043c \u0434\u0435\u044f\u0442\u0435\u043b\u044c\u043d\u043e\u0441\u0442\u0438 \u043f\u043e\u0437\u0432\u043e\u043b\u044f\u0435\u0442 \u0432\u044b\u043f\u043e\u043b\u043d\u044f\u0442\u044c \u0432\u0430\u0436\u043d\u044b\u0435 \u0437\u0430\u0434\u0430\u043d\u0438\u044f \u043f\u043e \u0440\u0430\u0437\u0440\u0430\u0431\u043e\u0442\u043a\u0435 \u043f\u043e\u0437\u0438\u0446\u0438\u0439, \u0437\u0430\u043d\u0438\u043c\u0430\u0435\u043c\u044b\u0445 \u0443\u0447\u0430\u0441\u0442\u043d\u0438\u043a\u0430\u043c\u0438 \u0432 \u043e\u0442\u043d\u043e\u0448\u0435\u043d\u0438\u0438 \u043f\u043e\u0441\u0442\u0430\u0432\u043b\u0435\u043d\u043d\u044b\u0445 \u0437\u0430\u0434\u0430\u0447. \u0420\u0430\u0432\u043d\u044b\u043c \u043e\u0431\u0440\u0430\u0437\u043e\u043c \u0443\u043a\u0440\u0435\u043f\u043b\u0435\u043d\u0438\u0435 \u0438 \u0440\u0430\u0437\u0432\u0438\u0442\u0438\u0435 \u0441\u0442\u0440\u0443\u043a\u0442\u0443\u0440\u044b \u0442\u0440\u0435\u0431\u0443\u044e\u0442 \u043e\u0442 \u043d\u0430\u0441 \u0430\u043d\u0430\u043b\u0438\u0437\u0430 \u043c\u043e\u0434\u0435\u043b\u0438 \u0440\u0430\u0437\u0432\u0438\u0442\u0438\u044f. \u0422\u0430\u043a\u0438\u043c \u043e\u0431\u0440\u0430\u0437\u043e\u043c \u043f\u043e\u0441\u0442\u043e\u044f\u043d\u043d\u043e\u0435 \u0438\u043d\u0444\u043e\u0440\u043c\u0430\u0446\u0438\u043e\u043d\u043d\u043e-\u043f\u0440\u043e\u043f\u0430\u0433\u0430\u043d\u0434\u0438\u0441\u0442\u0441\u043a\u043e\u0435 \u043e\u0431\u0435\u0441\u043f\u0435\u0447\u0435\u043d\u0438\u0435 \u043d\u0430\u0448\u0435\u0439 \u0434\u0435\u044f\u0442\u0435\u043b\u044c\u043d\u043e\u0441\u0442\u0438 \u0438\u0433\u0440\u0430\u0435\u0442 \u0432\u0430\u0436\u043d\u0443\u044e \u0440\u043e\u043b\u044c \u0432 \u0444\u043e\u0440\u043c\u0438\u0440\u043e\u0432\u0430\u043d\u0438\u0438 \u043d\u0430\u043f\u0440\u0430\u0432\u043b\u0435\u043d\u0438\u0439 \u043f\u0440\u043e\u0433\u0440\u0435\u0441\u0441\u0438\u0432\u043d\u043e\u0433\u043e \u0440\u0430\u0437\u0432\u0438\u0442\u0438\u044f.", "department": 16}}, {"model": "services.service", "pk": 26, "fields": {"title": "\u0423\u0417\u0418 \u043f\u0435\u0447\u0435\u043d\u0438", "price": "800.00", "description": "\u0422\u0430\u043a\u0438\u043c \u043e\u0431\u0440\u0430\u0437\u043e\u043c \u0434\u0430\u043b\u044c\u043d\u0435\u0439\u0448\u0435\u0435 \u0440\u0430\u0437\u0432\u0438\u0442\u0438\u0435 \u0440\u0430\u0437\u043b\u0438\u0447\u043d\u044b\u0445 \u0444\u043e\u0440\u043c \u0434\u0435\u044f\u0442\u0435\u043b\u044c\u043d\u043e\u0441\u0442\u0438 \u043f\u043e\u0437\u0432\u043e\u043b\u044f\u0435\u0442 \u0432\u044b\u043f\u043e\u043b\u043d\u044f\u0442\u044c \u0432\u0430\u0436\u043d\u044b\u0435 \u0437\u0430\u0434\u0430\u043d\u0438\u044f \u043f\u043e \u0440\u0430\u0437\u0440\u0430\u0431\u043e\u0442\u043a\u0435 \u043f\u043e\u0437\u0438\u0446\u0438\u0439, \u0437\u0430\u043d\u0438\u043c\u0430\u0435\u043c\u044b\u0445 \u0443\u0447\u0430\u0441\u0442\u043d\u0438\u043a\u0430\u043c\u0438 \u0432 \u043e\u0442\u043d\u043e\u0448\u0435\u043d\u0438\u0438 \u043f\u043e\u0441\u0442\u0430\u0432\u043b\u0435\u043d\u043d\u044b\u0445 \u0437\u0430\u0434\u0430\u0447. \u0420\u0430\u0432\u043d\u044b\u043c \u043e\u0431\u0440\u0430\u0437\u043e\u043c \u0443\u043a\u0440\u0435\u043f\u043b\u0435\u043d\u0438\u0435 \u0438 \u0440\u0430\u0437\u0432\u0438\u0442\u0438\u0435 \u0441\u0442\u0440\u0443\u043a\u0442\u0443\u0440\u044b \u0442\u0440\u0435\u0431\u0443\u044e\u0442 \u043e\u0442 \u043d\u0430\u0441 \u0430\u043d\u0430\u043b\u0438\u0437\u0430 \u043c\u043e\u0434\u0435\u043b\u0438 \u0440\u0430\u0437\u0432\u0438\u0442\u0438\u044f. \u0422\u0430\u043a\u0438\u043c \u043e\u0431\u0440\u0430\u0437\u043e\u043c \u043f\u043e\u0441\u0442\u043e\u044f\u043d\u043d\u043e\u0435 \u0438\u043d\u0444\u043e\u0440\u043c\u0430\u0446\u0438\u043e\u043d\u043d\u043e-\u043f\u0440\u043e\u043f\u0430\u0433\u0430\u043d\u0434\u0438\u0441\u0442\u0441\u043a\u043e\u0435 \u043e\u0431\u0435\u0441\u043f\u0435\u0447\u0435\u043d\u0438\u0435 \u043d\u0430\u0448\u0435\u0439 \u0434\u0435\u044f\u0442\u0435\u043b\u044c\u043d\u043e\u0441\u0442\u0438 \u0438\u0433\u0440\u0430\u0435\u0442 \u0432\u0430\u0436\u043d\u0443\u044e \u0440\u043e\u043b\u044c \u0432 \u0444\u043e\u0440\u043c\u0438\u0440\u043e\u0432\u0430\u043d\u0438\u0438 \u043d\u0430\u043f\u0440\u0430\u0432\u043b\u0435\u043d\u0438\u0439 \u043f\u0440\u043e\u0433\u0440\u0435\u0441\u0441\u0438\u0432\u043d\u043e\u0433\u043e \u0440\u0430\u0437\u0432\u0438\u0442\u0438\u044f.", "department": 16}}, {"model": "services.service", "pk": 27, "fields": {"title": "\u0423\u0434\u0430\u043b\u0435\u043d\u0438\u0435 \u0437\u0443\u0431\u0430", "price": "1000.00", "description": "\u0422\u0430\u043a\u0438\u043c \u043e\u0431\u0440\u0430\u0437\u043e\u043c \u0434\u0430\u043b\u044c\u043d\u0435\u0439\u0448\u0435\u0435 \u0440\u0430\u0437\u0432\u0438\u0442\u0438\u0435 \u0440\u0430\u0437\u043b\u0438\u0447\u043d\u044b\u0445 \u0444\u043e\u0440\u043c \u0434\u0435\u044f\u0442\u0435\u043b\u044c\u043d\u043e\u0441\u0442\u0438 \u043f\u043e\u0437\u0432\u043e\u043b\u044f\u0435\u0442 \u0432\u044b\u043f\u043e\u043b\u043d\u044f\u0442\u044c \u0432\u0430\u0436\u043d\u044b\u0435 \u0437\u0430\u0434\u0430\u043d\u0438\u044f \u043f\u043e \u0440\u0430\u0437\u0440\u0430\u0431\u043e\u0442\u043a\u0435 \u043f\u043e\u0437\u0438\u0446\u0438\u0439, \u0437\u0430\u043d\u0438\u043c\u0430\u0435\u043c\u044b\u0445 \u0443\u0447\u0430\u0441\u0442\u043d\u0438\u043a\u0430\u043c\u0438 \u0432 \u043e\u0442\u043d\u043e\u0448\u0435\u043d\u0438\u0438 \u043f\u043e\u0441\u0442\u0430\u0432\u043b\u0435\u043d\u043d\u044b\u0445 \u0437\u0430\u0434\u0430\u0447. \u0420\u0430\u0432\u043d\u044b\u043c \u043e\u0431\u0440\u0430\u0437\u043e\u043c \u0443\u043a\u0440\u0435\u043f\u043b\u0435\u043d\u0438\u0435 \u0438 \u0440\u0430\u0437\u0432\u0438\u0442\u0438\u0435 \u0441\u0442\u0440\u0443\u043a\u0442\u0443\u0440\u044b \u0442\u0440\u0435\u0431\u0443\u044e\u0442 \u043e\u0442 \u043d\u0430\u0441 \u0430\u043d\u0430\u043b\u0438\u0437\u0430 \u043c\u043e\u0434\u0435\u043b\u0438 \u0440\u0430\u0437\u0432\u0438\u0442\u0438\u044f. \u0422\u0430\u043a\u0438\u043c \u043e\u0431\u0440\u0430\u0437\u043e\u043c \u043f\u043e\u0441\u0442\u043e\u044f\u043d\u043d\u043e\u0435 \u0438\u043d\u0444\u043e\u0440\u043c\u0430\u0446\u0438\u043e\u043d\u043d\u043e-\u043f\u0440\u043e\u043f\u0430\u0433\u0430\u043d\u0434\u0438\u0441\u0442\u0441\u043a\u043e\u0435 \u043e\u0431\u0435\u0441\u043f\u0435\u0447\u0435\u043d\u0438\u0435 \u043d\u0430\u0448\u0435\u0439 \u0434\u0435\u044f\u0442\u0435\u043b\u044c\u043d\u043e\u0441\u0442\u0438 \u0438\u0433\u0440\u0430\u0435\u0442 \u0432\u0430\u0436\u043d\u0443\u044e \u0440\u043e\u043b\u044c \u0432 \u0444\u043e\u0440\u043c\u0438\u0440\u043e\u0432\u0430\u043d\u0438\u0438 \u043d\u0430\u043f\u0440\u0430\u0432\u043b\u0435\u043d\u0438\u0439 \u043f\u0440\u043e\u0433\u0440\u0435\u0441\u0441\u0438\u0432\u043d\u043e\u0433\u043e \u0440\u0430\u0437\u0432\u0438\u0442\u0438\u044f.", "department": 17}}, {"model": "services.service", "pk": 28, "fields": {"title": "\u041f\u043b\u043e\u043c\u0431\u0438\u0440\u043e\u0432\u0430\u043d\u0438\u0435 \u0437\u0443\u0431\u0430", "price": "1200.00", "description": "\u0422\u0430\u043a\u0438\u043c \u043e\u0431\u0440\u0430\u0437\u043e\u043c \u0434\u0430\u043b\u044c\u043d\u0435\u0439\u0448\u0435\u0435 \u0440\u0430\u0437\u0432\u0438\u0442\u0438\u0435 \u0440\u0430\u0437\u043b\u0438\u0447\u043d\u044b\u0445 \u0444\u043e\u0440\u043c \u0434\u0435\u044f\u0442\u0435\u043b\u044c\u043d\u043e\u0441\u0442\u0438 \u043f\u043e\u0437\u0432\u043e\u043b\u044f\u0435\u0442 \u0432\u044b\u043f\u043e\u043b\u043d\u044f\u0442\u044c \u0432\u0430\u0436\u043d\u044b\u0435 \u0437\u0430\u0434\u0430\u043d\u0438\u044f \u043f\u043e \u0440\u0430\u0437\u0440\u0430\u0431\u043e\u0442\u043a\u0435 \u043f\u043e\u0437\u0438\u0446\u0438\u0439, \u0437\u0430\u043d\u0438\u043c\u0430\u0435\u043c\u044b\u0445 \u0443\u0447\u0430\u0441\u0442\u043d\u0438\u043a\u0430\u043c\u0438 \u0432 \u043e\u0442\u043d\u043e\u0448\u0435\u043d\u0438\u0438 \u043f\u043e\u0441\u0442\u0430\u0432\u043b\u0435\u043d\u043d\u044b\u0445 \u0437\u0430\u0434\u0430\u0447. \u0420\u0430\u0432\u043d\u044b\u043c \u043e\u0431\u0440\u0430\u0437\u043e\u043c \u0443\u043a\u0440\u0435\u043f\u043b\u0435\u043d\u0438\u0435 \u0438 \u0440\u0430\u0437\u0432\u0438\u0442\u0438\u0435 \u0441\u0442\u0440\u0443\u043a\u0442\u0443\u0440\u044b \u0442\u0440\u0435\u0431\u0443\u044e\u0442 \u043e\u0442 \u043d\u0430\u0441 \u0430\u043d\u0430\u043b\u0438\u0437\u0430 \u043c\u043e\u0434\u0435\u043b\u0438 \u0440\u0430\u0437\u0432\u0438\u0442\u0438\u044f. \u0422\u0430\u043a\u0438\u043c \u043e\u0431\u0440\u0430\u0437\u043e\u043c \u043f\u043e\u0441\u0442\u043e\u044f\u043d\u043d\u043e\u0435 \u0438\u043d\u0444\u043e\u0440\u043c\u0430\u0446\u0438\u043e\u043d\u043d\u043e-\u043f\u0440\u043e\u043f\u0430\u0433\u0430\u043d\u0434\u0438\u0441\u0442\u0441\u043a\u043e\u0435 \u043e\u0431\u0435\u0441\u043f\u0435\u0447\u0435\u043d\u0438\u0435 \u043d\u0430\u0448\u0435\u0439 \u0434\u0435\u044f\u0442\u0435\u043b\u044c\u043d\u043e\u0441\u0442\u0438 \u0438\u0433\u0440\u0430\u0435\u0442 \u0432\u0430\u0436\u043d\u0443\u044e \u0440\u043e\u043b\u044c \u0432 \u0444\u043e\u0440\u043c\u0438\u0440\u043e\u0432\u0430\u043d\u0438\u0438 \u043d\u0430\u043f\u0440\u0430\u0432\u043b\u0435\u043d\u0438\u0439 \u043f\u0440\u043e\u0433\u0440\u0435\u0441\u0441\u0438\u0432\u043d\u043e\u0433\u043e \u0440\u0430\u0437\u0432\u0438\u0442\u0438\u044f.", "department": 17}}, {"model": "visit.visit", "pk": 2, "fields": {"created": "2020-04-22T02:46:06.711Z", "start_time": "2020-03-15T14:15:00Z", "is_finished": true, "doctor": 52, "patient": 60, "service": [22]}}, {"model": "visit.visit", "pk": 3, "fields": {"created": "2020-04-22T02:46:06.714Z", "start_time": "2020-03-15T14:40:00Z", "is_finished": true, "doctor": 52, "patient": 61, "service": [23]}}, {"model": "visit.visit", "pk": 4, "fields": {"created": "2020-04-22T02:46:06.715Z", "start_time": "2020-03-15T14:00:00Z", "is_finished": true, "doctor": 52, "patient": 63, "service": [24, 25]}}, {"model": "visit.visit", "pk": 5, "fields": {"created": "2020-04-22T02:46:06.717Z", "start_time": "2020-03-15T11:00:00Z", "is_finished": true, "doctor": 52, "patient": 64, "service": [22]}}, {"model": "visit.visit", "pk": 6, "fields": {"created": "2020-04-22T02:46:06.719Z", "start_time": "2020-03-15T09:15:00Z", "is_finished": true, "doctor": 52, "patient": 65, "service": [23]}}, {"model": "visit.visit", "pk": 7, "fields": {"created": "2020-04-22T02:46:06.721Z", "start_time": "2020-03-15T10:15:00Z", "is_finished": true, "doctor": 52, "patient": 66, "service": [24]}}, {"model": "visit.visit", "pk": 8, "fields": {"created": "2020-04-22T02:46:06.722Z", "start_time": "2020-03-15T15:30:00Z", "is_finished": true, "doctor": 52, "patient": 67, "service": [27]}}, {"model": "visit.visit", "pk": 9, "fields": {"created": "2020-04-22T02:46:06.724Z", "start_time": "2020-03-15T16:30:00Z", "is_finished": true, "doctor": 52, "patient": 68, "service": [26]}}, {"model": "visit.visit", "pk": 10, "fields": {"created": "2020-04-22T02:46:06.726Z", "start_time": "2020-03-15T17:00:00Z", "is_finished": false, "doctor": 52, "patient": 62, "service": [24, 25]}}, {"model": "samples.sample", "pk": 16, "fields": {"title": "\u0423\u0417\u0418 \u043f\u0435\u0447\u0435\u043d\u0438", "description": "\u0422\u0430\u043a\u0438\u043c \u043e\u0431\u0440\u0430\u0437\u043e\u043c \u0434\u0430\u043b\u044c\u043d\u0435\u0439\u0448\u0435\u0435 \u0440\u0430\u0437\u0432\u0438\u0442\u0438\u0435 \u0440\u0430\u0437\u043b\u0438\u0447\u043d\u044b\u0445 \u0444\u043e\u0440\u043c \u0434\u0435\u044f\u0442\u0435\u043b\u044c\u043d\u043e\u0441\u0442\u0438 \u043f\u043e\u0437\u0432\u043e\u043b\u044f\u0435\u0442 \u0432\u044b\u043f\u043e\u043b\u043d\u044f\u0442\u044c \u0432\u0430\u0436\u043d\u044b\u0435 \u0437\u0430\u0434\u0430\u043d\u0438\u044f \u043f\u043e \u0440\u0430\u0437\u0440\u0430\u0431\u043e\u0442\u043a\u0435 \u043f\u043e\u0437\u0438\u0446\u0438\u0439, \u0437\u0430\u043d\u0438\u043c\u0430\u0435\u043c\u044b\u0445 \u0443\u0447\u0430\u0441\u0442\u043d\u0438\u043a\u0430\u043c\u0438 \u0432 \u043e\u0442\u043d\u043e\u0448\u0435\u043d\u0438\u0438 \u043f\u043e\u0441\u0442\u0430\u0432\u043b\u0435\u043d\u043d\u044b\u0445 \u0437\u0430\u0434\u0430\u0447. \u0420\u0430\u0432\u043d\u044b\u043c \u043e\u0431\u0440\u0430\u0437\u043e\u043c \u0443\u043a\u0440\u0435\u043f\u043b\u0435\u043d\u0438\u0435 \u0438 \u0440\u0430\u0437\u0432\u0438\u0442\u0438\u0435 \u0441\u0442\u0440\u0443\u043a\u0442\u0443\u0440\u044b \u0442\u0440\u0435\u0431\u0443\u044e\u0442 \u043e\u0442 \u043d\u0430\u0441 \u0430\u043d\u0430\u043b\u0438\u0437\u0430 \u043c\u043e\u0434\u0435\u043b\u0438 \u0440\u0430\u0437\u0432\u0438\u0442\u0438\u044f. \u0422\u0430\u043a\u0438\u043c \u043e\u0431\u0440\u0430\u0437\u043e\u043c \u043f\u043e\u0441\u0442\u043e\u044f\u043d\u043d\u043e\u0435 \u0438\u043d\u0444\u043e\u0440\u043c\u0430\u0446\u0438\u043e\u043d\u043d\u043e-\u043f\u0440\u043e\u043f\u0430\u0433\u0430\u043d\u0434\u0438\u0441\u0442\u0441\u043a\u043e\u0435 \u043e\u0431\u0435\u0441\u043f\u0435\u0447\u0435\u043d\u0438\u0435 \u043d\u0430\u0448\u0435\u0439 \u0434\u0435\u044f\u0442\u0435\u043b\u044c\u043d\u043e\u0441\u0442\u0438 \u0438\u0433\u0440\u0430\u0435\u0442 \u0432\u0430\u0436\u043d\u0443\u044e \u0440\u043e\u043b\u044c \u0432 \u0444\u043e\u0440\u043c\u0438\u0440\u043e\u0432\u0430\u043d\u0438\u0438 \u043d\u0430\u043f\u0440\u0430\u0432\u043b\u0435\u043d\u0438\u0439 \u043f\u0440\u043e\u0433\u0440\u0435\u0441\u0441\u0438\u0432\u043d\u043e\u0433\u043e \u0440\u0430\u0437\u0432\u0438\u0442\u0438\u044f.", "price": "300.00", "department": 16, "created": "2020-04-22T02:46:04.414Z", "updated": "2020-04-22T02:46:04.414Z"}}, {"model": "samples.sample", "pk": 17, "fields": {"title": "\u0423\u0417\u0418 \u043f\u043e\u0447\u0435\u043a", "description": "\u0422\u0430\u043a\u0438\u043c \u043e\u0431\u0440\u0430\u0437\u043e\u043c \u0434\u0430\u043b\u044c\u043d\u0435\u0439\u0448\u0435\u0435 \u0440\u0430\u0437\u0432\u0438\u0442\u0438\u0435 \u0440\u0430\u0437\u043b\u0438\u0447\u043d\u044b\u0445 \u0444\u043e\u0440\u043c \u0434\u0435\u044f\u0442\u0435\u043b\u044c\u043d\u043e\u0441\u0442\u0438 \u043f\u043e\u0437\u0432\u043e\u043b\u044f\u0435\u0442 \u0432\u044b\u043f\u043e\u043b\u043d\u044f\u0442\u044c \u0432\u0430\u0436\u043d\u044b\u0435 \u0437\u0430\u0434\u0430\u043d\u0438\u044f \u043f\u043e \u0440\u0430\u0437\u0440\u0430\u0431\u043e\u0442\u043a\u0435 \u043f\u043e\u0437\u0438\u0446\u0438\u0439, \u0437\u0430\u043d\u0438\u043c\u0430\u0435\u043c\u044b\u0445 \u0443\u0447\u0430\u0441\u0442\u043d\u0438\u043a\u0430\u043c\u0438 \u0432 \u043e\u0442\u043d\u043e\u0448\u0435\u043d\u0438\u0438 \u043f\u043e\u0441\u0442\u0430\u0432\u043b\u0435\u043d\u043d\u044b\u0445 \u0437\u0430\u0434\u0430\u0447. \u0420\u0430\u0432\u043d\u044b\u043c \u043e\u0431\u0440\u0430\u0437\u043e\u043c \u0443\u043a\u0440\u0435\u043f\u043b\u0435\u043d\u0438\u0435 \u0438 \u0440\u0430\u0437\u0432\u0438\u0442\u0438\u0435 \u0441\u0442\u0440\u0443\u043a\u0442\u0443\u0440\u044b \u0442\u0440\u0435\u0431\u0443\u044e\u0442 \u043e\u0442 \u043d\u0430\u0441 \u0430\u043d\u0430\u043b\u0438\u0437\u0430 \u043c\u043e\u0434\u0435\u043b\u0438 \u0440\u0430\u0437\u0432\u0438\u0442\u0438\u044f. \u0422\u0430\u043a\u0438\u043c \u043e\u0431\u0440\u0430\u0437\u043e\u043c \u043f\u043e\u0441\u0442\u043e\u044f\u043d\u043d\u043e\u0435 \u0438\u043d\u0444\u043e\u0440\u043c\u0430\u0446\u0438\u043e\u043d\u043d\u043e-\u043f\u0440\u043e\u043f\u0430\u0433\u0430\u043d\u0434\u0438\u0441\u0442\u0441\u043a\u043e\u0435 \u043e\u0431\u0435\u0441\u043f\u0435\u0447\u0435\u043d\u0438\u0435 \u043d\u0430\u0448\u0435\u0439 \u0434\u0435\u044f\u0442\u0435\u043b\u044c\u043d\u043e\u0441\u0442\u0438 \u0438\u0433\u0440\u0430\u0435\u0442 \u0432\u0430\u0436\u043d\u0443\u044e \u0440\u043e\u043b\u044c \u0432 \u0444\u043e\u0440\u043c\u0438\u0440\u043e\u0432\u0430\u043d\u0438\u0438 \u043d\u0430\u043f\u0440\u0430\u0432\u043b\u0435\u043d\u0438\u0439 \u043f\u0440\u043e\u0433\u0440\u0435\u0441\u0441\u0438\u0432\u043d\u043e\u0433\u043e \u0440\u0430\u0437\u0432\u0438\u0442\u0438\u044f.", "price": "300.00", "department": 16, "created": "2020-04-22T02:46:04.415Z", "updated": "2020-04-22T02:46:04.415Z"}}, {"model": "samples.sample", "pk": 18, "fields": {"title": "\u0423\u0417\u0418 \u0432\u0435\u0440\u0445\u043d\u0438\u0445 \u043a\u043e\u043d\u0435\u0447\u043d\u043e\u0441\u0442\u0435\u0439", "description": "\u0422\u0430\u043a\u0438\u043c \u043e\u0431\u0440\u0430\u0437\u043e\u043c \u0434\u0430\u043b\u044c\u043d\u0435\u0439\u0448\u0435\u0435 \u0440\u0430\u0437\u0432\u0438\u0442\u0438\u0435 \u0440\u0430\u0437\u043b\u0438\u0447\u043d\u044b\u0445 \u0444\u043e\u0440\u043c \u0434\u0435\u044f\u0442\u0435\u043b\u044c\u043d\u043e\u0441\u0442\u0438 \u043f\u043e\u0437\u0432\u043e\u043b\u044f\u0435\u0442 \u0432\u044b\u043f\u043e\u043b\u043d\u044f\u0442\u044c \u0432\u0430\u0436\u043d\u044b\u0435 \u0437\u0430\u0434\u0430\u043d\u0438\u044f \u043f\u043e \u0440\u0430\u0437\u0440\u0430\u0431\u043e\u0442\u043a\u0435 \u043f\u043e\u0437\u0438\u0446\u0438\u0439, \u0437\u0430\u043d\u0438\u043c\u0430\u0435\u043c\u044b\u0445 \u0443\u0447\u0430\u0441\u0442\u043d\u0438\u043a\u0430\u043c\u0438 \u0432 \u043e\u0442\u043d\u043e\u0448\u0435\u043d\u0438\u0438 \u043f\u043e\u0441\u0442\u0430\u0432\u043b\u0435\u043d\u043d\u044b\u0445 \u0437\u0430\u0434\u0430\u0447. \u0420\u0430\u0432\u043d\u044b\u043c \u043e\u0431\u0440\u0430\u0437\u043e\u043c \u0443\u043a\u0440\u0435\u043f\u043b\u0435\u043d\u0438\u0435 \u0438 \u0440\u0430\u0437\u0432\u0438\u0442\u0438\u0435 \u0441\u0442\u0440\u0443\u043a\u0442\u0443\u0440\u044b \u0442\u0440\u0435\u0431\u0443\u044e\u0442 \u043e\u0442 \u043d\u0430\u0441 \u0430\u043d\u0430\u043b\u0438\u0437\u0430 \u043c\u043e\u0434\u0435\u043b\u0438 \u0440\u0430\u0437\u0432\u0438\u0442\u0438\u044f. \u0422\u0430\u043a\u0438\u043c \u043e\u0431\u0440\u0430\u0437\u043e\u043c \u043f\u043e\u0441\u0442\u043e\u044f\u043d\u043d\u043e\u0435 \u0438\u043d\u0444\u043e\u0440\u043c\u0430\u0446\u0438\u043e\u043d\u043d\u043e-\u043f\u0440\u043e\u043f\u0430\u0433\u0430\u043d\u0434\u0438\u0441\u0442\u0441\u043a\u043e\u0435 \u043e\u0431\u0435\u0441\u043f\u0435\u0447\u0435\u043d\u0438\u0435 \u043d\u0430\u0448\u0435\u0439 \u0434\u0435\u044f\u0442\u0435\u043b\u044c\u043d\u043e\u0441\u0442\u0438 \u0438\u0433\u0440\u0430\u0435\u0442 \u0432\u0430\u0436\u043d\u0443\u044e \u0440\u043e\u043b\u044c \u0432 \u0444\u043e\u0440\u043c\u0438\u0440\u043e\u0432\u0430\u043d\u0438\u0438 \u043d\u0430\u043f\u0440\u0430\u0432\u043b\u0435\u043d\u0438\u0439 \u043f\u0440\u043e\u0433\u0440\u0435\u0441\u0441\u0438\u0432\u043d\u043e\u0433\u043e \u0440\u0430\u0437\u0432\u0438\u0442\u0438\u044f.", "price": "500.00", "department": 16, "created": "2020-04-22T02:46:04.415Z", "updated": "2020-04-22T02:46:04.415Z"}}, {"model": "samples.sample", "pk": 19, "fields": {"title": "\u0423\u0417\u0418 \u043a\u043e\u043b\u0435\u043d\u043e\u0433\u043e \u0441\u0443\u0441\u0442\u0430\u0432\u0430", "description": "\u0423\u0417\u0418 \u043a\u043e\u043b\u0435\u043d\u043e\u0433\u043e \u0441\u0443\u0441\u0442\u0430\u0432\u0430", "price": "400.00", "department": 16, "created": "2020-04-22T02:46:04.416Z", "updated": "2020-04-22T02:46:04.416Z"}}, {"model": "samples.sample", "pk": 20, "fields": {"title": "\u0423\u0417\u0418 \u0432\u043d\u0443\u0442\u0440\u0435\u043d\u043d\u0438\u0445 \u043e\u0440\u0433\u0430\u043d\u043e\u0432", "description": "\u0423\u0417\u0418 \u0432\u043d\u0443\u0442\u0440\u0435\u043d\u043d\u0438\u0445 \u043e\u0440\u0433\u0430\u043d\u043e\u0432", "price": "800.00", "department": 16, "created": "2020-04-22T02:46:04.417Z", "updated": "2020-04-22T02:46:04.417Z"}}, {"model": "auth.permission", "pk": 1, "fields": {"name": "Can add permission", "content_type": 1, "codename": "add_permission"}}, {"model": "auth.permission", "pk": 2, "fields": {"name": "Can change permission", "content_type": 1, "codename": "change_permission"}}, {"model": "auth.permission", "pk": 3, "fields": {"name": "Can delete permission", "content_type": 1, "codename": "delete_permission"}}, {"model": "auth.permission", "pk": 4, "fields": {"name": "Can view permission", "content_type": 1, "codename": "view_permission"}}, {"model": "auth.permission", "pk": 5, "fields": {"name": "Can add group", "content_type": 2, "codename": "add_group"}}, {"model": "auth.permission", "pk": 6, "fields": {"name": "Can change group", "content_type": 2, "codename": "change_group"}}, {"model": "auth.permission", "pk": 7, "fields": {"name": "Can delete group", "content_type": 2, "codename": "delete_group"}}, {"model": "auth.permission", "pk": 8, "fields": {"name": "Can view group", "content_type": 2, "codename": "view_group"}}, {"model": "auth.permission", "pk": 9, "fields": {"name": "Can add content type", "content_type": 3, "codename": "add_contenttype"}}, {"model": "auth.permission", "pk": 10, "fields": {"name": "Can change content type", "content_type": 3, "codename": "change_contenttype"}}, {"model": "auth.permission", "pk": 11, "fields": {"name": "Can delete content type", "content_type": 3, "codename": "delete_contenttype"}}, {"model": "auth.permission", "pk": 12, "fields": {"name": "Can view content type", "content_type": 3, "codename": "view_contenttype"}}, {"model": "auth.permission", "pk": 13, "fields": {"name": "Can add user", "content_type": 4, "codename": "add_user"}}, {"model": "auth.permission", "pk": 14, "fields": {"name": "Can change user", "content_type": 4, "codename": "change_user"}}, {"model": "auth.permission", "pk": 15, "fields": {"name": "Can delete user", "content_type": 4, "codename": "delete_user"}}, {"model": "auth.permission", "pk": 16, "fields": {"name": "Can view user", "content_type": 4, "codename": "view_user"}}, {"model": "auth.permission", "pk": 17, "fields": {"name": "Can add Patient", "content_type": 5, "codename": "add_patient"}}, {"model": "auth.permission", "pk": 18, "fields": {"name": "Can change Patient", "content_type": 5, "codename": "change_patient"}}, {"model": "auth.permission", "pk": 19, "fields": {"name": "Can delete Patient", "content_type": 5, "codename": "delete_patient"}}, {"model": "auth.permission", "pk": 20, "fields": {"name": "Can view Patient", "content_type": 5, "codename": "view_patient"}}, {"model": "auth.permission", "pk": 21, "fields": {"name": "Can add user phone number", "content_type": 6, "codename": "add_userphonenumber"}}, {"model": "auth.permission", "pk": 22, "fields": {"name": "Can change user phone number", "content_type": 6, "codename": "change_userphonenumber"}}, {"model": "auth.permission", "pk": 23, "fields": {"name": "Can delete user phone number", "content_type": 6, "codename": "delete_userphonenumber"}}, {"model": "auth.permission", "pk": 24, "fields": {"name": "Can view user phone number", "content_type": 6, "codename": "view_userphonenumber"}}, {"model": "auth.permission", "pk": 25, "fields": {"name": "Can add Doctor", "content_type": 7, "codename": "add_doctor"}}, {"model": "auth.permission", "pk": 26, "fields": {"name": "Can change Doctor", "content_type": 7, "codename": "change_doctor"}}, {"model": "auth.permission", "pk": 27, "fields": {"name": "Can delete Doctor", "content_type": 7, "codename": "delete_doctor"}}, {"model": "auth.permission", "pk": 28, "fields": {"name": "Can view Doctor", "content_type": 7, "codename": "view_doctor"}}, {"model": "auth.permission", "pk": 29, "fields": {"name": "Can add Medical Center", "content_type": 8, "codename": "add_medicalcenter"}}, {"model": "auth.permission", "pk": 30, "fields": {"name": "Can change Medical Center", "content_type": 8, "codename": "change_medicalcenter"}}, {"model": "auth.permission", "pk": 31, "fields": {"name": "Can delete Medical Center", "content_type": 8, "codename": "delete_medicalcenter"}}, {"model": "auth.permission", "pk": 32, "fields": {"name": "Can view Medical Center", "content_type": 8, "codename": "view_medicalcenter"}}, {"model": "auth.permission", "pk": 33, "fields": {"name": "Can add Schedule Time", "content_type": 9, "codename": "add_scheduletime"}}, {"model": "auth.permission", "pk": 34, "fields": {"name": "Can change Schedule Time", "content_type": 9, "codename": "change_scheduletime"}}, {"model": "auth.permission", "pk": 35, "fields": {"name": "Can delete Schedule Time", "content_type": 9, "codename": "delete_scheduletime"}}, {"model": "auth.permission", "pk": 36, "fields": {"name": "Can view Schedule Time", "content_type": 9, "codename": "view_scheduletime"}}, {"model": "auth.permission", "pk": 37, "fields": {"name": "Can add Med-Center Photo", "content_type": 10, "codename": "add_medcenterphoto"}}, {"model": "auth.permission", "pk": 38, "fields": {"name": "Can change Med-Center Photo", "content_type": 10, "codename": "change_medcenterphoto"}}, {"model": "auth.permission", "pk": 39, "fields": {"name": "Can delete Med-Center Photo", "content_type": 10, "codename": "delete_medcenterphoto"}}, {"model": "auth.permission", "pk": 40, "fields": {"name": "Can view Med-Center Photo", "content_type": 10, "codename": "view_medcenterphoto"}}, {"model": "auth.permission", "pk": 41, "fields": {"name": "Can add Department", "content_type": 11, "codename": "add_department"}}, {"model": "auth.permission", "pk": 42, "fields": {"name": "Can change Department", "content_type": 11, "codename": "change_department"}}, {"model": "auth.permission", "pk": 43, "fields": {"name": "Can delete Department", "content_type": 11, "codename": "delete_department"}}, {"model": "auth.permission", "pk": 44, "fields": {"name": "Can view Department", "content_type": 11, "codename": "view_department"}}, {"model": "auth.permission", "pk": 45, "fields": {"name": "Can add Branch", "content_type": 12, "codename": "add_branch"}}, {"model": "auth.permission", "pk": 46, "fields": {"name": "Can change Branch", "content_type": 12, "codename": "change_branch"}}, {"model": "auth.permission", "pk": 47, "fields": {"name": "Can delete Branch", "content_type": 12, "codename": "delete_branch"}}, {"model": "auth.permission", "pk": 48, "fields": {"name": "Can view Branch", "content_type": 12, "codename": "view_branch"}}, {"model": "auth.permission", "pk": 49, "fields": {"name": "Can add Branch Number", "content_type": 13, "codename": "add_branchphonenumber"}}, {"model": "auth.permission", "pk": 50, "fields": {"name": "Can change Branch Number", "content_type": 13, "codename": "change_branchphonenumber"}}, {"model": "auth.permission", "pk": 51, "fields": {"name": "Can delete Branch Number", "content_type": 13, "codename": "delete_branchphonenumber"}}, {"model": "auth.permission", "pk": 52, "fields": {"name": "Can view Branch Number", "content_type": 13, "codename": "view_branchphonenumber"}}, {"model": "auth.permission", "pk": 53, "fields": {"name": "Can add Service", "content_type": 14, "codename": "add_service"}}, {"model": "auth.permission", "pk": 54, "fields": {"name": "Can change Service", "content_type": 14, "codename": "change_service"}}, {"model": "auth.permission", "pk": 55, "fields": {"name": "Can delete Service", "content_type": 14, "codename": "delete_service"}}, {"model": "auth.permission", "pk": 56, "fields": {"name": "Can view Service", "content_type": 14, "codename": "view_service"}}, {"model": "auth.permission", "pk": 57, "fields": {"name": "Can add Visit", "content_type": 15, "codename": "add_visit"}}, {"model": "auth.permission", "pk": 58, "fields": {"name": "Can change Visit", "content_type": 15, "codename": "change_visit"}}, {"model": "auth.permission", "pk": 59, "fields": {"name": "Can delete Visit", "content_type": 15, "codename": "delete_visit"}}, {"model": "auth.permission", "pk": 60, "fields": {"name": "Can view Visit", "content_type": 15, "codename": "view_visit"}}, {"model": "auth.permission", "pk": 61, "fields": {"name": "Can add Sample", "content_type": 16, "codename": "add_sample"}}, {"model": "auth.permission", "pk": 62, "fields": {"name": "Can change Sample", "content_type": 16, "codename": "change_sample"}}, {"model": "auth.permission", "pk": 63, "fields": {"name": "Can delete Sample", "content_type": 16, "codename": "delete_sample"}}, {"model": "auth.permission", "pk": 64, "fields": {"name": "Can view Sample", "content_type": 16, "codename": "view_sample"}}, {"model": "auth.permission", "pk": 65, "fields": {"name": "Can add log entry", "content_type": 17, "codename": "add_logentry"}}, {"model": "auth.permission", "pk": 66, "fields": {"name": "Can change log entry", "content_type": 17, "codename": "change_logentry"}}, {"model": "auth.permission", "pk": 67, "fields": {"name": "Can delete log entry", "content_type": 17, "codename": "delete_logentry"}}, {"model": "auth.permission", "pk": 68, "fields": {"name": "Can view log entry", "content_type": 17, "codename": "view_logentry"}}, {"model": "auth.permission", "pk": 69, "fields": {"name": "Can add session", "content_type": 18, "codename": "add_session"}}, {"model": "auth.permission", "pk": 70, "fields": {"name": "Can change session", "content_type": 18, "codename": "change_session"}}, {"model": "auth.permission", "pk": 71, "fields": {"name": "Can delete session", "content_type": 18, "codename": "delete_session"}}, {"model": "auth.permission", "pk": 72, "fields": {"name": "Can view session", "content_type": 18, "codename": "view_session"}}, {"model": "profiles.user", "pk": 52, "fields": {"password": "pbkdf2_sha256$180000$vEyAvYcCU9xw$CKPru8cmCfWcKocPCbiI3UpmPDZaThSGHt5lsmrYkJQ=", "last_login": "2020-04-22T02:49:43.081Z", "is_superuser": false, "first_name": "", "last_name": "", "is_staff": false, "is_active": true, "date_joined": "2020-04-22T02:46:04.552Z", "username": "dr.sultanov", "role": 0, "gender": 0, "full_name": "\u0421\u0443\u043b\u0442\u0430\u043d\u043e\u0432 \u0411\u0430\u043a\u044b\u0442 \u0410\u0431\u0434\u044b\u0440\u0430\u0445\u043c\u0430\u043d\u043e\u0432\u0438\u0447", "birth_date": "1967-08-02", "email": "dr.sultanov312@gmail.com", "created": "2020-04-22T02:46:04.552Z", "updated": "2020-04-22T02:46:04.552Z", "groups": [], "user_permissions": []}}, {"model": "profiles.user", "pk": 53, "fields": {"password": "pbkdf2_sha256$180000$fVD8aiK40Cbu$pqrXbGJBIRwVQxT1KYTZx14TJ0g8nyixXCYdkSGMUSA=", "last_login": null, "is_superuser": false, "first_name": "", "last_name": "", "is_staff": false, "is_active": true, "date_joined": "2020-04-22T02:46:04.685Z", "username": "dr.sultanova_uzi", "role": 0, "gender": 1, "full_name": "\u0421\u0443\u043b\u0442\u0430\u043d\u043e\u0432\u0430 \u0410\u0436\u0430\u0440\u0430 \u0410\u0431\u0434\u044b\u043b\u0431\u0430\u043a\u044b\u0435\u0432\u043d\u0430", "birth_date": "1998-10-27", "email": "ajara@gmail.com", "created": "2020-04-22T02:46:04.685Z", "updated": "2020-04-22T02:46:04.685Z", "groups": [], "user_permissions": []}}, {"model": "profiles.user", "pk": 54, "fields": {"password": "pbkdf2_sha256$180000$ycbN39SwY76D$p2yU4IVYvTiLijOKUwpyxyrsCl9ggsYcfoxiS1G+uHg=", "last_login": null, "is_superuser": false, "first_name": "", "last_name": "", "is_staff": false, "is_active": true, "date_joined": "2020-04-22T02:46:04.820Z", "username": "dr.gaparov_stom", "role": 0, "gender": 0, "full_name": "\u0413\u0430\u043f\u0430\u0440\u043e\u0432 \u0411\u0435\u043b\u0435\u043a \u0420\u0430\u0432\u0448\u0430\u043d\u0431\u0435\u043a\u043e\u0432\u0438\u0447", "birth_date": "1976-09-08", "email": "belek.gaparov@gmail.com", "created": "2020-04-22T02:46:04.820Z", "updated": "2020-04-22T02:46:04.820Z", "groups": [], "user_permissions": []}}, {"model": "profiles.user", "pk": 55, "fields": {"password": "pbkdf2_sha256$180000$efjS7LPASHaI$8KdF3d/agzAal5jDvg7HHRuzPz3FxbVMkbWha1s/dJQ=", "last_login": null, "is_superuser": false, "first_name": "", "last_name": "", "is_staff": false, "is_active": true, "date_joined": "2020-04-22T02:46:04.951Z", "username": "dr.maitashev_ur", "role": 0, "gender": 0, "full_name": "\u041c\u0430\u0439\u0442\u0430\u0448\u0435\u0432 \u041c\u0430\u0440\u0430\u0442 \u041d\u0443\u0440\u043c\u0430\u0433\u043e\u043c\u0435\u0434\u043e\u0432\u0438\u0447", "birth_date": "1965-09-01", "email": "marat.maitashev@gmail.com", "created": "2020-04-22T02:46:04.952Z", "updated": "2020-04-22T02:46:04.952Z", "groups": [], "user_permissions": []}}, {"model": "profiles.user", "pk": 56, "fields": {"password": "pbkdf2_sha256$180000$Dq0M1gXdD7Jt$QY5RC5g4ELfLZ6b64fIF4GMux79BGitrpcB/bZ1BiU8=", "last_login": null, "is_superuser": false, "first_name": "", "last_name": "", "is_staff": false, "is_active": true, "date_joined": "2020-04-22T02:46:05.090Z", "username": "dr.talantbekov_gin", "role": 0, "gender": 0, "full_name": "\u0422\u0430\u043b\u0430\u043d\u0442\u0431\u0435\u043a\u043e\u0432 \u042d\u0434\u0438\u043b\u044c \u041c\u0430\u0433\u043e\u043c\u0435\u0434\u0448\u0430\u0440\u0438\u043f\u043e\u0432\u0438\u0447", "birth_date": "1982-02-04", "email": "edil@gmail.com", "created": "2020-04-22T02:46:05.091Z", "updated": "2020-04-22T02:46:05.091Z", "groups": [], "user_permissions": []}}, {"model": "profiles.user", "pk": 57, "fields": {"password": "pbkdf2_sha256$180000$68mur74Gh43y$a4nBUc0JUWaWqe55IUkdXtWyrWJb5DabX60EwMmRf3E=", "last_login": null, "is_superuser": false, "first_name": "", "last_name": "", "is_staff": false, "is_active": true, "date_joined": "2020-04-22T02:46:05.222Z", "username": "dr.sultanov_mas", "role": 0, "gender": 0, "full_name": "\u0421\u0443\u043b\u0442\u0430\u043d\u043e\u0432 \u041d\u0430\u0434\u044b\u0440\u0431\u0435\u043a \u0410\u0431\u0434\u044b\u043b\u0431\u0430\u043a\u044b\u0435\u0432\u0438\u0447", "birth_date": "1997-03-15", "email": "nsultanov312@gmail.com", "created": "2020-04-22T02:46:05.223Z", "updated": "2020-04-22T02:46:05.223Z", "groups": [], "user_permissions": []}}, {"model": "profiles.user", "pk": 58, "fields": {"password": "pbkdf2_sha256$180000$TwExNYnB1Edx$U0VhFWpDmXzaprbeU6IhZktIafs2aRbjRZZGoTjQNgA=", "last_login": null, "is_superuser": false, "first_name": "", "last_name": "", "is_staff": false, "is_active": true, "date_joined": "2020-04-22T02:46:05.361Z", "username": "dr.sarbagyshev_mas", "role": 0, "gender": 0, "full_name": "\u0421\u0430\u0440\u0431\u0430\u0433\u044b\u0448\u0435\u0432 \u0410\u043c\u0430\u043d\u0431\u0435\u043a \u0421\u0443\u043b\u0442\u0430\u043d\u043e\u0432\u0438\u0447", "birth_date": "1984-08-11", "email": "amanbek97@gmail.com", "created": "2020-04-22T02:46:05.362Z", "updated": "2020-04-22T02:46:05.362Z", "groups": [], "user_permissions": []}}, {"model": "profiles.user", "pk": 59, "fields": {"password": "pbkdf2_sha256$180000$i6qDJdACBrZp$drDEqBn/weORCeAYTae6c4nnERibZsugUobwAr2hs70=", "last_login": null, "is_superuser": false, "first_name": "", "last_name": "", "is_staff": false, "is_active": true, "date_joined": "2020-04-22T02:46:05.493Z", "username": "dr.myrzaeva", "role": 0, "gender": 1, "full_name": "\u041c\u044b\u0440\u0437\u0430\u0435\u0432\u0430 \u0422\u0430\u043d\u0441\u0443\u043b\u0443\u0443 \u0417\u044b\u043d\u0434\u0430\u043d\u0431\u0430\u0435\u0432\u043d\u0430", "birth_date": "1990-09-25", "email": "tansuluu@gmail.com", "created": "2020-04-22T02:46:05.493Z", "updated": "2020-04-22T02:46:05.493Z", "groups": [], "user_permissions": []}}, {"model": "profiles.user", "pk": 60, "fields": {"password": "pbkdf2_sha256$180000$yLG9VWyCj5Ci$UGiHIU5A4G6x9mjbAdqXTlHrq464XE118XXf1/ACpio=", "last_login": null, "is_superuser": false, "first_name": "", "last_name": "", "is_staff": false, "is_active": true, "date_joined": "2020-04-22T02:46:05.632Z", "username": "ms.sultanova", "role": 1, "gender": 1, "full_name": "\u0421\u0443\u043b\u0442\u0430\u043d\u043e\u0432\u0430 \u0416\u0430\u043c\u0438\u043b\u044f \u0410\u0431\u0434\u044b\u043b\u0431\u0430\u043a\u044b\u0435\u0432\u043d\u0430", "birth_date": "1990-10-14", "email": "jama02@gmail.com", "created": "2020-04-22T02:46:05.632Z", "updated": "2020-04-22T02:46:05.632Z", "groups": [], "user_permissions": []}}, {"model": "profiles.user", "pk": 61, "fields": {"password": "pbkdf2_sha256$180000$S7PQPkK0Sa0l$moUyG7GY+JsEA1K1P/MvkolmwCMLoJI7Gk04rtArWSA=", "last_login": null, "is_superuser": false, "first_name": "", "last_name": "", "is_staff": false, "is_active": true, "date_joined": "2020-04-22T02:46:05.763Z", "username": "ms.shokenova", "role": 1, "gender": 1, "full_name": "\u0428\u043e\u043a\u0435\u043d\u043e\u0432\u0430 \u0410\u0434\u0435\u043b\u0438\u043d\u0430 \u041c\u0430\u0440\u0430\u0442\u043e\u0432\u043d\u0430", "birth_date": "1984-10-12", "email": "adelina@gmail.com", "created": "2020-04-22T02:46:05.763Z", "updated": "2020-04-22T02:46:05.763Z", "groups": [], "user_permissions": []}}, {"model": "profiles.user", "pk": 62, "fields": {"password": "pbkdf2_sha256$180000$zbYKU9X4EWRH$LQa3l2sxIyXNNEd3Q9WBfVh9vurdhE6UUSND0Y/Vckk=", "last_login": null, "is_superuser": false, "first_name": "", "last_name": "", "is_staff": false, "is_active": true, "date_joined": "2020-04-22T02:46:05.902Z", "username": "mr.maksatov", "role": 1, "gender": 0, "full_name": "\u041c\u0430\u043a\u0441\u0430\u0442\u043e\u0432 \u0410\u0441\u0430\u043d \u041c\u0443\u0440\u0430\u0442\u043e\u0432\u0438\u0447", "birth_date": "1958-10-14", "email": "asan.maksatov@gmail.com", "created": "2020-04-22T02:46:05.903Z", "updated": "2020-04-22T02:46:05.903Z", "groups": [], "user_permissions": []}}, {"model": "profiles.user", "pk": 63, "fields": {"password": "pbkdf2_sha256$180000$7RDLXvY15H8H$7YRJyq2MKOQTqAKM6rUk6y3v0dDcvOhtDpu2Y0guNQk=", "last_login": null, "is_superuser": false, "first_name": "", "last_name": "", "is_staff": false, "is_active": true, "date_joined": "2020-04-22T02:46:06.034Z", "username": "ms.maksimova", "role": 1, "gender": 1, "full_name": "\u041c\u0430\u043a\u0441\u0438\u043c\u043e\u0432\u0430 \u042d\u043b\u0438\u043d\u0430 \u042d\u0440\u043c\u0435\u043a\u043e\u0432\u043d\u0430", "birth_date": "1998-07-18", "email": "elina98@gmail.com", "created": "2020-04-22T02:46:06.034Z", "updated": "2020-04-22T02:46:06.034Z", "groups": [], "user_permissions": []}}, {"model": "profiles.user", "pk": 64, "fields": {"password": "pbkdf2_sha256$180000$JJYoDCKW60jw$4unVXGV2hw1J2JVQ2JxyLGPBU3l7K+Y7MY03nbQwzgY=", "last_login": null, "is_superuser": false, "first_name": "", "last_name": "", "is_staff": false, "is_active": true, "date_joined": "2020-04-22T02:46:06.173Z", "username": "mr.kalambekov", "role": 1, "gender": 0, "full_name": "\u041a\u0430\u043b\u0430\u043c\u0431\u0435\u043a\u043e\u0432 \u0427\u0438\u043d\u0433\u0438\u0437 \u042d\u043b\u044c\u0434\u0430\u0440\u043e\u0432\u0438\u0447", "birth_date": "1996-11-18", "email": "chikka96@gmail.com", "created": "2020-04-22T02:46:06.173Z", "updated": "2020-04-22T02:46:06.173Z", "groups": [], "user_permissions": []}}, {"model": "profiles.user", "pk": 65, "fields": {"password": "pbkdf2_sha256$180000$oI3SI2VmgobN$qmr6uPE9Vrt8K9EIHsvQjcbgQ+dRaNRIx4rZQoyqGgg=", "last_login": null, "is_superuser": false, "first_name": "", "last_name": "", "is_staff": false, "is_active": true, "date_joined": "2020-04-22T02:46:06.304Z", "username": "ms.kaipova", "role": 1, "gender": 1, "full_name": "\u041a\u0430\u0438\u043f\u043e\u0432\u0430 \u041c\u0438\u0440\u0430 \u041a\u0430\u043c\u0430\u043b\u0434\u0438\u043d\u043e\u0432\u043d\u0430", "birth_date": "1956-04-12", "email": "kaipova@gmail.com", "created": "2020-04-22T02:46:06.304Z", "updated": "2020-04-22T02:46:06.304Z", "groups": [], "user_permissions": []}}, {"model": "profiles.user", "pk": 66, "fields": {"password": "pbkdf2_sha256$180000$He3ktEc0bZoJ$SIOHInJf5A15Jonl0oeKncPmET8J9ny4vyrAvx/NcY0=", "last_login": null, "is_superuser": false, "first_name": "", "last_name": "", "is_staff": false, "is_active": true, "date_joined": "2020-04-22T02:46:06.443Z", "username": "mr.shamshaddin", "role": 1, "gender": 0, "full_name": "\u0428\u0430\u043c\u0448\u0430\u0434\u0434\u0438\u043d \u041d\u0443\u0440\u0431\u043e\u043b\u043e\u0442 \u0425\u0430\u043b\u0438\u043b\u043e\u0432\u0438\u0447", "birth_date": "1984-11-16", "email": "shamshaddin@gmail.com", "created": "2020-04-22T02:46:06.443Z", "updated": "2020-04-22T02:46:06.443Z", "groups": [], "user_permissions": []}}, {"model": "profiles.user", "pk": 67, "fields": {"password": "pbkdf2_sha256$180000$EL3aMJ5l0fUQ$oBYNJvBqoKiLZvXTzGAGOcdp2iwbMrNWZxAnSVGgW5Y=", "last_login": null, "is_superuser": false, "first_name": "", "last_name": "", "is_staff": false, "is_active": true, "date_joined": "2020-04-22T02:46:06.578Z", "username": "ms.jamagulova", "role": 1, "gender": 1, "full_name": "\u0416\u0430\u043c\u0430\u0433\u0443\u043b\u043e\u0432\u0430 \u0428\u0430\u0440\u0430\u043f\u0430\u0442 \u041c\u0443\u0441\u0442\u0430\u0444\u0430\u0435\u0432\u043d\u0430", "birth_date": "1965-12-08", "email": "jamagulova@gmail.com", "created": "2020-04-22T02:46:06.578Z", "updated": "2020-04-22T02:46:06.578Z", "groups": [], "user_permissions": []}}, {"model": "profiles.user", "pk": 68, "fields": {"password": "pbkdf2_sha256$180000$j5WpnPIuhwac$nBReQZZUH39qQN3mvh7WGA2uMkrswVgObkMEGMTAmfc=", "last_login": null, "is_superuser": false, "first_name": "", "last_name": "", "is_staff": false, "is_active": true, "date_joined": "2020-04-22T02:46:06.709Z", "username": "ms.nurgul", "role": 1, "gender": 1, "full_name": "\u041a\u0443\u043b\u0430\u0442\u043e\u0432\u0430 \u041d\u0443\u0440\u0433\u0443\u043b\u044c \u041e\u0439\u043e\u0437\u0431\u0435\u043a\u043e\u0432\u043d\u0430", "birth_date": "1967-03-08", "email": "nurgul.oiozbekovna@gmail.com", "created": "2020-04-22T02:46:06.709Z", "updated": "2020-04-22T02:46:06.709Z", "groups": [], "user_permissions": []}}, {"model": "profiles.user", "pk": 69, "fields": {"password": "pbkdf2_sha256$180000$IMtclOIWBp8E$1g6shQuUodQoEKWCJfop+uRrLOAQqycaY5HM162iS6c=", "last_login": "2020-04-22T02:49:20.042Z", "is_superuser": true, "first_name": "", "last_name": "", "is_staff": true, "is_active": true, "date_joined": "2020-04-22T02:47:18.577Z", "username": "admin", "role": 0, "gender": 1, "full_name": "", "birth_date": null, "email": "nadyrbek97@gmail.com", "created": "2020-04-22T02:47:18.720Z", "updated": "2020-04-22T02:47:18.720Z", "groups": [], "user_permissions": []}}, {"model": "profiles.doctor", "pk": 52, "fields": {"department_id": 16, "experience": 5, "salary": "1400.00", "image": ""}}, {"model": "profiles.doctor", "pk": 53, "fields": {"department_id": 16, "experience": 5, "salary": "1300.00", "image": ""}}, {"model": "profiles.doctor", "pk": 54, "fields": {"department_id": 17, "experience": 5, "salary": "500.00", "image": ""}}, {"model": "profiles.doctor", "pk": 55, "fields": {"department_id": 19, "experience": 5, "salary": "800.00", "image": ""}}, {"model": "profiles.doctor", "pk": 56, "fields": {"department_id": 20, "experience": 5, "salary": "780.00", "image": ""}}, {"model": "profiles.doctor", "pk": 57, "fields": {"department_id": 18, "experience": 5, "salary": "850.00", "image": ""}}, {"model": "profiles.doctor", "pk": 58, "fields": {"department_id": 18, "experience": 5, "salary": "600.00", "image": ""}}, {"model": "profiles.doctor", "pk": 59, "fields": {"department_id": 18, "experience": 5, "salary": "1000.00", "image": ""}}, {"model": "profiles.doctor", "pk": 69, "fields": {"department_id": null, "experience": 1, "salary": null, "image": ""}}, {"model": "profiles.patient", "pk": 60, "fields": {"address": "\u0414\u043e\u0441\u0442\u043e\u0435\u0432\u0441\u043a\u043e\u0433\u043e 4"}}, {"model": "profiles.patient", "pk": 61, "fields": {"address": "11 \u043c\u043a\u0440 43\u0434"}}, {"model": "profiles.patient", "pk": 62, "fields": {"address": "\u041a\u043e\u043a \u0416\u0430\u0440 43"}}, {"model": "profiles.patient", "pk": 63, "fields": {"address": "\u041a\u0438\u0440\u043a\u043e\u043c\u0441\u0442\u0440\u043e\u043c 13"}}, {"model": "profiles.patient", "pk": 64, "fields": {"address": "\u0414\u0436\u0430\u043b 234"}}, {"model": "profiles.patient", "pk": 65, "fields": {"address": "4 \u043c\u043a\u0440 \u0434\u043e\u043c 45 \u043a\u0432. 65"}}, {"model": "profiles.patient", "pk": 66, "fields": {"address": "11 \u043c\u043a\u0440 \u0434\u043e\u043c 56 \u043a\u0432. 104"}}, {"model": "profiles.patient", "pk": 67, "fields": {"address": "\u0421\u043a\u0440\u044f\u0431\u0438\u043d\u0430 23"}}, {"model": "profiles.patient", "pk": 68, "fields": {"address": "\u043c\u043a\u0440 \u0414\u0436\u0430\u043b \u0434\u043e\u043c 21 \u043a\u0432. 45"}}, {"model": "admin.logentry", "pk": 1, "fields": {"action_time": "2020-04-22T03:27:36.785Z", "user": 69, "content_type": 15, "object_id": "10", "object_repr": "visit at 2020-03-15 17:00:00+00:00 for doctor \u0421\u0443\u043b\u0442\u0430\u043d\u043e\u0432 \u0411\u0430\u043a\u044b\u0442 \u0410\u0431\u0434\u044b\u0440\u0430\u0445\u043c\u0430\u043d\u043e\u0432\u0438\u0447", "action_flag": 2, "change_message": "[{\"changed\": {\"fields\": [\"Service\"]}}]"}}, {"model": "admin.logentry", "pk": 2, "fields": {"action_time": "2020-04-22T03:28:47.377Z", "user": 69, "content_type": 15, "object_id": "10", "object_repr": "visit at 2020-03-15 17:00:00+00:00 for doctor \u0421\u0443\u043b\u0442\u0430\u043d\u043e\u0432 \u0411\u0430\u043a\u044b\u0442 \u0410\u0431\u0434\u044b\u0440\u0430\u0445\u043c\u0430\u043d\u043e\u0432\u0438\u0447", "action_flag": 2, "change_message": "[]"}}]